timestamp,src_ip,dst_ip,selected_path,throughput_mbps,delay_ms,loss_pct,exec_time_ms,path_changed,topsis_scores
1779886898.8835647,10.0.0.1,10.0.0.11,"[1, 2, 3, 4, 5, 6]",15.0,29.5641,0.0,0.0935,0,
1779886898.8851159,10.0.0.1,10.0.0.11,"[2, 3, 4, 5, 6]",15.0,23.239,0.0,0.0236,1,
1779886898.887475,10.0.0.1,10.0.0.11,"[3, 4, 5, 6]",15.0,16.6955,0.0,0.0231,1,
1779886898.8891864,10.0.0.1,10.0.0.11,"[4, 5, 6]",15.0,12.1476,0.0,0.0155,1,
1779886898.8907685,10.0.0.1,10.0.0.11,"[5, 6]",15.0,5.7397,0.0,0.0107,1,
1779886898.8952556,10.0.0.11,10.0.0.1,"[6, 5, 4, 3, 2, 1]",15.0,30.8473,0.0,0.0346,0,
1779886898.897228,10.0.0.11,10.0.0.1,"[5, 4, 3, 2, 1]",15.0,23.804,0.0,0.0324,1,
1779886898.8990076,10.0.0.11,10.0.0.1,"[4, 3, 2, 1]",15.0,17.5991,0.0,0.0219,1,
1779886898.9004884,10.0.0.11,10.0.0.1,"[3, 2, 1]",15.0,12.8678,0.0,0.0126,1,
1779886898.9015963,10.0.0.11,10.0.0.1,"[2, 1]",15.0,6.5077,0.0,0.0098,1,
1779886898.9077709,10.0.0.1,10.0.0.12,"[1, 2, 3, 4, 5, 6]",15.0,29.5641,0.0,0.0327,0,
1779886898.910068,10.0.0.1,10.0.0.12,"[2, 3, 4, 5, 6]",15.0,23.239,0.0,0.0403,1,
1779886898.9116657,10.0.0.1,10.0.0.12,"[3, 4, 5, 6]",15.0,16.6955,0.0,0.0155,1,
1779886898.912614,10.0.0.1,10.0.0.12,"[4, 5, 6]",15.0,12.1476,0.0,0.01,1,
1779886898.914112,10.0.0.1,10.0.0.12,"[5, 6]",15.0,5.7397,0.0,0.0095,1,
1779886898.916458,10.0.0.12,10.0.0.1,"[6, 5, 4, 3, 2, 1]",15.0,30.8473,0.0,0.02,0,
1779886898.9173527,10.0.0.12,10.0.0.1,"[5, 4, 3, 2, 1]",15.0,23.804,0.0,0.016,1,
1779886898.920591,10.0.0.12,10.0.0.1,"[4, 3, 2, 1]",15.0,17.5991,0.0,0.071,1,
1779886898.923149,10.0.0.12,10.0.0.1,"[3, 2, 1]",15.0,12.8678,0.0,0.0236,1,
1779886898.924366,10.0.0.12,10.0.0.1,"[2, 1]",15.0,6.5077,0.0,0.0148,1,
1779886898.9285662,10.0.0.1,10.0.0.13,"[1, 2, 3, 4, 5, 6]",15.0,29.5641,0.0,0.0277,0,
1779886898.9301639,10.0.0.1,10.0.0.13,"[2, 3, 4, 5, 6]",15.0,23.239,0.0,0.0215,1,
1779886898.9317973,10.0.0.1,10.0.0.13,"[3, 4, 5, 6]",15.0,16.6955,0.0,0.0234,1,
1779886898.935536,10.0.0.1,10.0.0.13,"[4, 5, 6]",15.0,12.1476,0.0,0.0322,1,
1779886898.938226,10.0.0.1,10.0.0.13,"[5, 6]",15.0,5.7397,0.0,0.0236,1,
1779886898.941515,10.0.0.13,10.0.0.1,"[6, 5, 4, 3, 2, 1]",15.0,30.8473,0.0,0.0272,0,
1779886898.9425244,10.0.0.13,10.0.0.1,"[5, 4, 3, 2, 1]",15.0,23.804,0.0,0.0188,1,
1779886898.943778,10.0.0.13,10.0.0.1,"[4, 3, 2, 1]",15.0,17.5991,0.0,0.0145,1,
1779886898.946295,10.0.0.13,10.0.0.1,"[3, 2, 1]",15.0,12.8678,0.0,0.0284,1,
1779886898.9479265,10.0.0.13,10.0.0.1,"[2, 1]",15.0,6.5077,0.0,0.0198,1,
1779886898.9527268,10.0.0.1,10.0.0.14,"[1, 2, 3, 4, 5, 6]",15.0,29.5641,0.0,0.0305,0,
1779886898.9539344,10.0.0.1,10.0.0.14,"[2, 3, 4, 5, 6]",15.0,23.239,0.0,0.0186,1,
1779886898.9554353,10.0.0.1,10.0.0.14,"[3, 4, 5, 6]",15.0,16.6955,0.0,0.0176,1,
1779886898.957092,10.0.0.1,10.0.0.14,"[4, 5, 6]",15.0,12.1476,0.0,0.0157,1,
1779886898.9599702,10.0.0.1,10.0.0.14,"[5, 6]",15.0,5.7397,0.0,0.0243,1,
1779886898.9637246,10.0.0.14,10.0.0.1,"[6, 5, 4, 3, 2, 1]",15.0,30.8473,0.0,0.0455,0,
1779886898.965836,10.0.0.14,10.0.0.1,"[5, 4, 3, 2, 1]",15.0,23.804,0.0,0.0286,1,
1779886898.967917,10.0.0.14,10.0.0.1,"[4, 3, 2, 1]",15.0,17.5991,0.0,0.0205,1,
1779886898.969323,10.0.0.14,10.0.0.1,"[3, 2, 1]",15.0,12.8678,0.0,0.0131,1,
1779886898.970337,10.0.0.14,10.0.0.1,"[2, 1]",15.0,6.5077,0.0,0.0112,1,
1779886898.9755216,10.0.0.1,10.0.0.15,"[1, 2, 3, 4, 5, 6]",15.0,29.5641,0.0,0.0319,0,
1779886898.9770637,10.0.0.1,10.0.0.15,"[2, 3, 4, 5, 6]",15.0,23.239,0.0,0.0236,1,
1779886898.979069,10.0.0.1,10.0.0.15,"[3, 4, 5, 6]",15.0,16.6955,0.0,0.0205,1,
1779886898.9806569,10.0.0.1,10.0.0.15,"[4, 5, 6]",15.0,12.1476,0.0,0.0136,1,
1779886898.981712,10.0.0.1,10.0.0.15,"[5, 6]",15.0,5.7397,0.0,0.0098,1,
1779886898.984794,10.0.0.15,10.0.0.1,"[6, 5, 4, 3, 2, 1]",15.0,30.8473,0.0,0.0372,0,
1779886898.987285,10.0.0.15,10.0.0.1,"[5, 4, 3, 2, 1]",15.0,23.804,0.0,0.0439,1,
1779886898.9891675,10.0.0.15,10.0.0.1,"[4, 3, 2, 1]",15.0,17.5991,0.0,0.0246,1,
1779886898.9906344,10.0.0.15,10.0.0.1,"[3, 2, 1]",15.0,12.8678,0.0,0.0141,1,
1779886898.9915981,10.0.0.15,10.0.0.1,"[2, 1]",15.0,6.5077,0.0,0.0105,1,
1779886898.9959667,10.0.0.1,10.0.0.16,"[1, 2, 3, 4, 5, 6]",15.0,29.5641,0.0,0.0305,0,
1779886898.997216,10.0.0.1,10.0.0.16,"[2, 3, 4, 5, 6]",15.0,23.239,0.0,0.0184,1,
1779886899.0008476,10.0.0.1,10.0.0.16,"[3, 4, 5, 6]",15.0,16.6955,0.0,0.0284,1,
1779886899.0039296,10.0.0.1,10.0.0.16,"[4, 5, 6]",15.0,12.1476,0.0,0.0408,1,
1779886899.0061975,10.0.0.1,10.0.0.16,"[5, 6]",15.0,5.7397,0.0,0.0226,1,
1779886899.0094419,10.0.0.16,10.0.0.1,"[6, 5, 4, 3, 2, 1]",15.0,30.8473,0.0,0.0277,0,
1779886899.0107079,10.0.0.16,10.0.0.1,"[5, 4, 3, 2, 1]",15.0,23.804,0.0,0.0226,1,
1779886899.0141287,10.0.0.16,10.0.0.1,"[4, 3, 2, 1]",15.0,17.5991,0.0,0.0288,1,
1779886899.0160046,10.0.0.16,10.0.0.1,"[3, 2, 1]",15.0,12.8678,0.0,0.0248,1,
1779886899.0173528,10.0.0.16,10.0.0.1,"[2, 1]",15.0,6.5077,0.0,0.0143,1,
1779886899.0210874,10.0.0.1,10.0.0.17,"[1, 2, 3, 4, 5, 6]",15.0,29.5641,0.0,0.0241,0,
1779886899.0222106,10.0.0.1,10.0.0.17,"[2, 3, 4, 5, 6]",15.0,23.239,0.0,0.0157,1,
1779886899.023593,10.0.0.1,10.0.0.17,"[3, 4, 5, 6]",15.0,16.6955,0.0,0.0134,1,
1779886899.0250542,10.0.0.1,10.0.0.17,"[4, 5, 6]",15.0,12.1476,0.0,0.0193,1,
1779886899.0275748,10.0.0.1,10.0.0.17,"[5, 6]",15.0,5.7397,0.0,0.0207,1,
1779886899.0307708,10.0.0.17,10.0.0.1,"[6, 5, 4, 3, 2, 1]",15.0,30.8473,0.0,0.0255,0,
1779886899.0322435,10.0.0.17,10.0.0.1,"[5, 4, 3, 2, 1]",15.0,23.804,0.0,0.0186,1,
1779886899.0334964,10.0.0.17,10.0.0.1,"[4, 3, 2, 1]",15.0,17.5991,0.0,0.0129,1,
1779886899.0350246,10.0.0.17,10.0.0.1,"[3, 2, 1]",15.0,12.8678,0.0,0.011,1,
1779886899.0359778,10.0.0.17,10.0.0.1,"[2, 1]",15.0,6.5077,0.0,0.0095,1,
1779886899.0409951,10.0.0.1,10.0.0.18,"[1, 2, 3, 4, 5, 6]",15.0,29.5641,0.0,0.0298,0,
1779886899.043407,10.0.0.1,10.0.0.18,"[2, 3, 4, 5, 6]",15.0,23.239,0.0,0.0222,1,
1779886899.0453174,10.0.0.1,10.0.0.18,"[3, 4, 5, 6]",15.0,16.6955,0.0,0.0143,1,
1779886899.0471923,10.0.0.1,10.0.0.18,"[4, 5, 6]",15.0,12.1476,0.0,0.0122,1,
1779886899.0489228,10.0.0.1,10.0.0.18,"[5, 6]",15.0,5.7397,0.0,0.0103,1,
1779886899.0517032,10.0.0.18,10.0.0.1,"[6, 5, 4, 3, 2, 1]",15.0,30.8473,0.0,0.026,0,
1779886899.053091,10.0.0.18,10.0.0.1,"[5, 4, 3, 2, 1]",15.0,23.804,0.0,0.0327,1,
1779886899.0557847,10.0.0.18,10.0.0.1,"[4, 3, 2, 1]",15.0,17.5991,0.0,0.0265,1,
1779886899.057656,10.0.0.18,10.0.0.1,"[3, 2, 1]",15.0,12.8678,0.0,0.0157,1,
1779886899.0586865,10.0.0.18,10.0.0.1,"[2, 1]",15.0,6.5077,0.0,0.01,1,
1779886899.063847,10.0.0.1,10.0.0.19,"[1, 2, 3, 4, 5, 6]",15.0,29.5641,0.0,0.0279,0,
1779886899.065647,10.0.0.1,10.0.0.19,"[2, 3, 4, 5, 6]",15.0,23.239,0.0,0.025,1,
1779886899.06829,10.0.0.1,10.0.0.19,"[3, 4, 5, 6]",15.0,16.6955,0.0,0.0222,1,
1779886899.0710566,10.0.0.1,10.0.0.19,"[4, 5, 6]",15.0,12.1476,0.0,0.0308,1,
1779886899.07266,10.0.0.1,10.0.0.19,"[5, 6]",15.0,5.7397,0.0,0.021,1,
1779886899.0756621,10.0.0.19,10.0.0.1,"[6, 5, 4, 3, 2, 1]",15.0,30.8473,0.0,0.0224,0,
1779886899.0768297,10.0.0.19,10.0.0.1,"[5, 4, 3, 2, 1]",15.0,23.804,0.0,0.0196,1,
1779886899.079117,10.0.0.19,10.0.0.1,"[4, 3, 2, 1]",15.0,17.5991,0.0,0.0265,1,
1779886899.080979,10.0.0.19,10.0.0.1,"[3, 2, 1]",15.0,12.8678,0.0,0.0186,1,
1779886899.0840237,10.0.0.19,10.0.0.1,"[2, 1]",15.0,6.5077,0.0,0.0255,1,
1779886899.089075,10.0.0.1,10.0.0.20,"[1, 2, 3, 4, 5, 6]",15.0,29.5641,0.0,0.041,0,
1779886899.090711,10.0.0.1,10.0.0.20,"[2, 3, 4, 5, 6]",15.0,23.239,0.0,0.0222,1,
1779886899.092762,10.0.0.1,10.0.0.20,"[3, 4, 5, 6]",15.0,16.6955,0.0,0.0334,1,
1779886899.0957284,10.0.0.1,10.0.0.20,"[4, 5, 6]",15.0,12.1476,0.0,0.025,1,
1779886899.0982962,10.0.0.1,10.0.0.20,"[5, 6]",15.0,5.7397,0.0,0.0353,1,
1779886899.101707,10.0.0.20,10.0.0.1,"[6, 5, 4, 3, 2, 1]",15.0,30.8473,0.0,0.0248,0,
1779886899.1032205,10.0.0.20,10.0.0.1,"[5, 4, 3, 2, 1]",15.0,23.804,0.0,0.0212,1,
1779886899.105256,10.0.0.20,10.0.0.1,"[4, 3, 2, 1]",15.0,17.5991,0.0,0.0403,1,
1779886899.1075032,10.0.0.20,10.0.0.1,"[3, 2, 1]",15.0,12.8678,0.0,0.0186,1,
1779886899.109412,10.0.0.20,10.0.0.1,"[2, 1]",15.0,6.5077,0.0,0.025,1,
1779886899.114723,10.0.0.1,10.0.0.21,"[1, 7]",15.0,4.1762,0.0,0.0279,0,
1779886899.1181207,10.0.0.21,10.0.0.1,"[7, 1]",15.0,4.3588,0.0,0.0205,0,
1779886899.1244543,10.0.0.1,10.0.0.22,"[1, 7]",15.0,4.1762,0.0,0.0262,0,
1779886899.1278677,10.0.0.22,10.0.0.1,"[7, 1]",15.0,4.3588,0.0,0.0172,0,
1779886899.1328244,10.0.0.1,10.0.0.23,"[1, 7]",15.0,4.1762,0.0,0.0243,0,
1779886899.1366973,10.0.0.23,10.0.0.1,"[7, 1]",15.0,4.3588,0.0,0.0253,0,
1779886899.141991,10.0.0.1,10.0.0.24,"[1, 7]",15.0,4.1762,0.0,0.0331,0,
1779886899.1446278,10.0.0.24,10.0.0.1,"[7, 1]",15.0,4.3588,0.0,0.0329,0,
1779886899.1521692,10.0.0.1,10.0.0.25,"[1, 7]",15.0,4.1762,0.0,0.0262,0,
1779886899.1556585,10.0.0.25,10.0.0.1,"[7, 1]",15.0,4.3588,0.0,0.0198,0,
1779886899.1610358,10.0.0.1,10.0.0.26,"[1, 7]",15.0,4.1762,0.0,0.0234,0,
1779886899.1674173,10.0.0.26,10.0.0.1,"[7, 1]",15.0,4.3588,0.0,0.0212,0,
1779886899.1716995,10.0.0.1,10.0.0.27,"[1, 7]",15.0,4.1762,0.0,0.0265,0,
1779886899.177204,10.0.0.27,10.0.0.1,"[7, 1]",15.0,4.3588,0.0,0.0241,0,
1779886899.1826215,10.0.0.1,10.0.0.28,"[1, 7]",15.0,4.1762,0.0,0.0253,0,
1779886899.1865075,10.0.0.28,10.0.0.1,"[7, 1]",15.0,4.3588,0.0,0.0246,0,
1779886899.200408,10.0.0.1,10.0.0.29,"[1, 7]",15.0,4.1762,0.0,0.0384,0,
1779886899.2104628,10.0.0.29,10.0.0.1,"[7, 1]",15.0,4.3588,0.0,0.0381,0,
1779886899.226851,10.0.0.1,10.0.0.30,"[1, 7]",15.0,4.1762,0.0,0.0446,0,
1779886899.233978,10.0.0.30,10.0.0.1,"[7, 1]",15.0,4.3588,0.0,0.0269,0,
1779886899.2402809,10.0.0.1,10.0.0.31,"[1, 2, 3, 4, 5, 12]",15.0,30.6638,0.0,0.0496,0,
1779886899.242885,10.0.0.1,10.0.0.31,"[2, 3, 4, 5, 12]",15.0,24.3388,0.0,0.073,1,
1779886899.246683,10.0.0.1,10.0.0.31,"[3, 4, 11, 12]",15.0,21.4739,0.0,0.0355,1,
1779886899.2498705,10.0.0.1,10.0.0.31,"[4, 5, 12]",15.0,13.2473,0.0,0.0348,1,
1779886899.2524967,10.0.0.1,10.0.0.31,"[5, 12]",15.0,6.8394,0.0,0.0224,1,
1779886899.2565248,10.0.0.31,10.0.0.1,"[12, 11, 4, 3, 2, 1]",15.0,34.6081,0.0,0.0427,0,
1779886899.2577953,10.0.0.31,10.0.0.1,"[11, 10, 9, 8, 1]",14.9998,24.0101,0.0,0.0198,1,
1779886899.259225,10.0.0.31,10.0.0.1,"[10, 9, 8, 1]",14.9998,17.1834,0.0,0.0253,1,
1779886899.260702,10.0.0.31,10.0.0.1,"[9, 8, 1]",14.9998,10.4671,0.0,0.0174,1,
1779886899.2626631,10.0.0.31,10.0.0.1,"[8, 1]",15.0,3.4338,0.0,0.0191,1,
1779886899.2686787,10.0.0.1,10.0.0.32,"[1, 2, 3, 4, 5, 12]",15.0,30.6638,0.0,0.0544,0,
1779886899.27081,10.0.0.1,10.0.0.32,"[2, 3, 4, 5, 12]",15.0,24.3388,0.0,0.0322,1,
1779886899.2724552,10.0.0.1,10.0.0.32,"[3, 4, 11, 12]",15.0,21.4739,0.0,0.0198,1,
1779886899.2742105,10.0.0.1,10.0.0.32,"[4, 5, 12]",15.0,13.2473,0.0,0.015,1,
1779886899.2754266,10.0.0.1,10.0.0.32,"[5, 12]",15.0,6.8394,0.0,0.0126,1,
1779886899.2782195,10.0.0.32,10.0.0.1,"[12, 11, 4, 3, 2, 1]",15.0,34.6081,0.0,0.0319,0,
1779886899.2805262,10.0.0.32,10.0.0.1,"[11, 10, 9, 8, 1]",14.9998,24.0101,0.0,0.0398,1,
1779886899.2826347,10.0.0.32,10.0.0.1,"[10, 9, 8, 1]",14.9998,17.1834,0.0,0.021,1,
1779886899.283609,10.0.0.32,10.0.0.1,"[9, 8, 1]",14.9998,10.4671,0.0,0.0114,1,
1779886899.2847993,10.0.0.32,10.0.0.1,"[8, 1]",15.0,3.4338,0.0,0.01,1,
1779886899.2897396,10.0.0.1,10.0.0.33,"[1, 2, 3, 4, 5, 12]",15.0,30.6638,0.0,0.0331,0,
1779886899.2912884,10.0.0.1,10.0.0.33,"[2, 3, 4, 5, 12]",15.0,24.3388,0.0,0.0424,1,
1779886899.2934582,10.0.0.1,10.0.0.33,"[3, 4, 11, 12]",15.0,21.4739,0.0,0.0219,1,
1779886899.2959237,10.0.0.1,10.0.0.33,"[4, 5, 12]",15.0,13.2473,0.0,0.0372,1,
1779886899.298736,10.0.0.1,10.0.0.33,"[5, 12]",15.0,6.8394,0.0,0.0226,1,
1779886899.3022363,10.0.0.33,10.0.0.1,"[12, 11, 4, 3, 2, 1]",15.0,34.6081,0.0,0.0322,0,
1779886899.3039978,10.0.0.33,10.0.0.1,"[11, 10, 9, 8, 1]",14.9998,24.0101,0.0,0.2038,1,
1779886899.3060234,10.0.0.33,10.0.0.1,"[10, 9, 8, 1]",14.9998,17.1834,0.0,0.0257,1,
1779886899.3073452,10.0.0.33,10.0.0.1,"[9, 8, 1]",14.9998,10.4671,0.0,0.0176,1,
1779886899.3095067,10.0.0.33,10.0.0.1,"[8, 1]",15.0,3.4338,0.0,0.0224,1,
1779886899.3145375,10.0.0.1,10.0.0.34,"[1, 2, 3, 4, 5, 12]",15.0,30.6638,0.0,0.0327,0,
1779886899.3161592,10.0.0.1,10.0.0.34,"[2, 3, 4, 5, 12]",15.0,24.3388,0.0,0.0277,1,
1779886899.3184521,10.0.0.1,10.0.0.34,"[3, 4, 11, 12]",15.0,21.4739,0.0,0.0188,1,
1779886899.3209028,10.0.0.1,10.0.0.34,"[4, 5, 12]",15.0,13.2473,0.0,0.0248,1,
1779886899.323768,10.0.0.1,10.0.0.34,"[5, 12]",15.0,6.8394,0.0,0.0207,1,
1779886899.3272161,10.0.0.34,10.0.0.1,"[12, 11, 4, 3, 2, 1]",15.0,34.6081,0.0,0.0298,0,
1779886899.3293788,10.0.0.34,10.0.0.1,"[11, 10, 9, 8, 1]",14.9998,24.0101,0.0,0.0207,1,
1779886899.33096,10.0.0.34,10.0.0.1,"[10, 9, 8, 1]",14.9998,17.1834,0.0,0.0181,1,
1779886899.3320208,10.0.0.34,10.0.0.1,"[9, 8, 1]",14.9998,10.4671,0.0,0.0169,1,
1779886899.3337827,10.0.0.34,10.0.0.1,"[8, 1]",15.0,3.4338,0.0,0.0176,1,
1779886899.3399236,10.0.0.1,10.0.0.35,"[1, 2, 3, 4, 5, 12]",15.0,30.6638,0.0,0.0341,0,
1779886899.3411033,10.0.0.1,10.0.0.35,"[2, 3, 4, 5, 12]",15.0,24.3388,0.0,0.0193,1,
1779886899.3425012,10.0.0.1,10.0.0.35,"[3, 4, 11, 12]",15.0,21.4739,0.0,0.0162,1,
1779886899.3438005,10.0.0.1,10.0.0.35,"[4, 5, 12]",15.0,13.2473,0.0,0.016,1,
1779886899.3460648,10.0.0.1,10.0.0.35,"[5, 12]",15.0,6.8394,0.0,0.0296,1,
1779886899.3507404,10.0.0.35,10.0.0.1,"[12, 11, 4, 3, 2, 1]",15.0,34.6081,0.0,0.0374,0,
1779886899.3528478,10.0.0.35,10.0.0.1,"[11, 10, 9, 8, 1]",14.9998,24.0101,0.0,0.0255,1,
1779886899.3543305,10.0.0.35,10.0.0.1,"[10, 9, 8, 1]",14.9998,17.1834,0.0,0.015,1,
1779886899.3552482,10.0.0.35,10.0.0.1,"[9, 8, 1]",14.9998,10.4671,0.0,0.011,1,
1779886899.3576655,10.0.0.35,10.0.0.1,"[8, 1]",15.0,3.4338,0.0,0.0191,1,
1779886899.3638577,10.0.0.1,10.0.0.36,"[1, 2, 3, 4, 5, 12]",15.0,30.6638,0.0,0.0513,0,
1779886899.3654165,10.0.0.1,10.0.0.36,"[2, 3, 4, 5, 12]",15.0,24.3388,0.0,0.0257,1,
1779886899.367451,10.0.0.1,10.0.0.36,"[3, 4, 11, 12]",15.0,21.4739,0.0,0.0207,1,
1779886899.369584,10.0.0.1,10.0.0.36,"[4, 5, 12]",15.0,13.2473,0.0,0.0203,1,
1779886899.3715682,10.0.0.1,10.0.0.36,"[5, 12]",15.0,6.8394,0.0,0.0191,1,
1779886899.376607,10.0.0.36,10.0.0.1,"[12, 11, 4, 3, 2, 1]",15.0,34.6081,0.0,0.0355,0,
1779886899.3782933,10.0.0.36,10.0.0.1,"[11, 10, 9, 8, 1]",14.9998,24.0101,0.0,0.0401,1,
1779886899.381013,10.0.0.36,10.0.0.1,"[10, 9, 8, 1]",14.9998,17.1834,0.0,0.0267,1,
1779886899.3822885,10.0.0.36,10.0.0.1,"[9, 8, 1]",14.9998,10.4671,0.0,0.0174,1,
1779886899.3838494,10.0.0.36,10.0.0.1,"[8, 1]",15.0,3.4338,0.0,0.011,1,
1779886899.3889506,10.0.0.1,10.0.0.37,"[1, 2, 3, 4, 5, 12]",15.0,30.6638,0.0,0.0596,0,
1779886899.390699,10.0.0.1,10.0.0.37,"[2, 3, 4, 5, 12]",15.0,24.3388,0.0,0.0315,1,
1779886899.3923924,10.0.0.1,10.0.0.37,"[3, 4, 11, 12]",15.0,21.4739,0.0,0.0191,1,
1779886899.3932838,10.0.0.1,10.0.0.37,"[4, 5, 12]",15.0,13.2473,0.0,0.011,1,
1779886899.3946807,10.0.0.1,10.0.0.37,"[5, 12]",15.0,6.8394,0.0,0.0095,1,
1779886899.3989751,10.0.0.37,10.0.0.1,"[12, 11, 4, 3, 2, 1]",15.0,34.6081,0.0,0.0374,0,
1779886899.4021206,10.0.0.37,10.0.0.1,"[11, 10, 9, 8, 1]",14.9998,24.0101,0.0,0.0334,1,
1779886899.4037478,10.0.0.37,10.0.0.1,"[10, 9, 8, 1]",14.9998,17.1834,0.0,0.0184,1,
1779886899.4046884,10.0.0.37,10.0.0.1,"[9, 8, 1]",14.9998,10.4671,0.0,0.0107,1,
1779886899.406241,10.0.0.37,10.0.0.1,"[8, 1]",15.0,3.4338,0.0,0.015,1,
1779886899.4105961,10.0.0.1,10.0.0.38,"[1, 2, 3, 4, 5, 12]",15.0,30.6638,0.0,0.0293,0,
1779886899.4120514,10.0.0.1,10.0.0.38,"[2, 3, 4, 5, 12]",15.0,24.3388,0.0,0.0265,1,
1779886899.413847,10.0.0.1,10.0.0.38,"[3, 4, 11, 12]",15.0,21.4739,0.0,0.0222,1,
1779886899.4180987,10.0.0.1,10.0.0.38,"[4, 5, 12]",15.0,13.2473,0.0,0.0269,1,
1779886899.419636,10.0.0.1,10.0.0.38,"[5, 12]",15.0,6.8394,0.0,0.0205,1,
1779886899.4219787,10.0.0.38,10.0.0.1,"[12, 11, 4, 3, 2, 1]",15.0,34.6081,0.0,0.0248,0,
1779886899.4233735,10.0.0.38,10.0.0.1,"[11, 10, 9, 8, 1]",14.9998,24.0101,0.0,0.0241,1,
1779886899.4250705,10.0.0.38,10.0.0.1,"[10, 9, 8, 1]",14.9998,17.1834,0.0,0.0231,1,
1779886899.4264245,10.0.0.38,10.0.0.1,"[9, 8, 1]",14.9998,10.4671,0.0,0.0193,1,
1779886899.4291704,10.0.0.38,10.0.0.1,"[8, 1]",15.0,3.4338,0.0,0.0384,1,
1779886899.4352055,10.0.0.1,10.0.0.39,"[1, 2, 3, 4, 5, 12]",15.0,30.6638,0.0,0.0324,0,
1779886899.4364822,10.0.0.1,10.0.0.39,"[2, 3, 4, 5, 12]",15.0,24.3388,0.0,0.0207,1,
1779886899.437998,10.0.0.1,10.0.0.39,"[3, 4, 11, 12]",15.0,21.4739,0.0,0.02,1,
1779886899.4402604,10.0.0.1,10.0.0.39,"[4, 5, 12]",15.0,13.2473,0.0,0.025,1,
1779886899.44192,10.0.0.1,10.0.0.39,"[5, 12]",15.0,6.8394,0.0,0.0165,1,
1779886899.4453926,10.0.0.39,10.0.0.1,"[12, 11, 4, 3, 2, 1]",15.0,34.6081,0.0,0.0329,0,
1779886899.447064,10.0.0.39,10.0.0.1,"[11, 10, 9, 8, 1]",14.9998,24.0101,0.0,0.0265,1,
1779886899.448525,10.0.0.39,10.0.0.1,"[10, 9, 8, 1]",14.9998,17.1834,0.0,0.0148,1,
1779886899.4506724,10.0.0.39,10.0.0.1,"[9, 8, 1]",14.9998,10.4671,0.0,0.0167,1,
1779886899.4525857,10.0.0.39,10.0.0.1,"[8, 1]",15.0,3.4338,0.0,0.021,1,
1779886899.458214,10.0.0.1,10.0.0.40,"[1, 2, 3, 4, 5, 12]",15.0,30.6638,0.0,0.0494,0,
1779886899.4611642,10.0.0.1,10.0.0.40,"[2, 3, 4, 5, 12]",15.0,24.3388,0.0,0.0324,1,
1779886899.4633253,10.0.0.1,10.0.0.40,"[3, 4, 11, 12]",15.0,21.4739,0.0,0.025,1,
1779886899.4650948,10.0.0.1,10.0.0.40,"[4, 5, 12]",15.0,13.2473,0.0,0.0186,1,
1779886899.4681537,10.0.0.1,10.0.0.40,"[5, 12]",15.0,6.8394,0.0,0.0231,1,
1779886899.4720516,10.0.0.40,10.0.0.1,"[12, 11, 4, 3, 2, 1]",15.0,34.6081,0.0,0.0286,0,
1779886899.4746652,10.0.0.40,10.0.0.1,"[11, 10, 9, 8, 1]",14.9998,24.0101,0.0,0.0339,1,
1779886899.4767945,10.0.0.40,10.0.0.1,"[10, 9, 8, 1]",14.9998,17.1834,0.0,0.0207,1,
1779886899.4779081,10.0.0.40,10.0.0.1,"[9, 8, 1]",14.9998,10.4671,0.0,0.0134,1,
1779886899.4794476,10.0.0.40,10.0.0.1,"[8, 1]",15.0,3.4338,0.0,0.0167,1,
1779886899.4853373,10.0.0.1,10.0.0.41,"[1, 7, 13]",15.0,9.4477,0.0,0.0265,0,
1779886899.487466,10.0.0.1,10.0.0.41,"[7, 13]",15.0,5.2715,0.0,0.0165,1,
1779886899.4926028,10.0.0.41,10.0.0.1,"[13, 7, 1]",15.0,9.4592,0.0,0.0582,0,
1779886899.4956684,10.0.0.41,10.0.0.1,"[7, 1]",15.0,4.3588,0.0,0.0231,1,
1779886899.5017073,10.0.0.1,10.0.0.42,"[1, 7, 13]",15.0,9.4477,0.0,0.0246,0,
1779886899.5034642,10.0.0.1,10.0.0.42,"[7, 13]",15.0,5.2715,0.0,0.0167,1,
1779886899.5076017,10.0.0.42,10.0.0.1,"[13, 7, 1]",15.0,9.4592,0.0,0.0243,0,
1779886899.5107603,10.0.0.42,10.0.0.1,"[7, 1]",15.0,4.3588,0.0,0.0226,1,
1779886899.515939,10.0.0.1,10.0.0.43,"[1, 7, 13]",15.0,9.4477,0.0,0.0248,0,
1779886899.5179858,10.0.0.1,10.0.0.43,"[7, 13]",15.0,5.2715,0.0,0.016,1,
1779886899.5226774,10.0.0.43,10.0.0.1,"[13, 7, 1]",15.0,9.4592,0.0,0.03,0,
1779886899.5263293,10.0.0.43,10.0.0.1,"[7, 1]",15.0,4.3588,0.0,0.0255,1,
1779886899.5315542,10.0.0.1,10.0.0.44,"[1, 7, 13]",15.0,9.4477,0.0,0.0291,0,
1779886899.533811,10.0.0.1,10.0.0.44,"[7, 13]",15.0,5.2715,0.0,0.0191,1,
1779886899.5396838,10.0.0.44,10.0.0.1,"[13, 7, 1]",15.0,9.4592,0.0,0.0246,0,
1779886899.5412884,10.0.0.44,10.0.0.1,"[7, 1]",15.0,4.3588,0.0,0.0136,1,
1779886899.5466392,10.0.0.1,10.0.0.45,"[1, 7, 13]",15.0,9.4477,0.0,0.026,0,
1779886899.5489743,10.0.0.1,10.0.0.45,"[7, 13]",15.0,5.2715,0.0,0.0284,1,
1779886899.5535655,10.0.0.45,10.0.0.1,"[13, 7, 1]",15.0,9.4592,0.0,0.0277,0,
1779886899.555288,10.0.0.45,10.0.0.1,"[7, 1]",15.0,4.3588,0.0,0.0122,1,
1779886899.5600169,10.0.0.1,10.0.0.46,"[1, 7, 13]",15.0,9.4477,0.0,0.0496,0,
1779886899.5614698,10.0.0.1,10.0.0.46,"[7, 13]",15.0,5.2715,0.0,0.0165,1,
1779886899.566218,10.0.0.46,10.0.0.1,"[13, 7, 1]",15.0,9.4592,0.0,0.0257,0,
1779886899.568106,10.0.0.46,10.0.0.1,"[7, 1]",15.0,4.3588,0.0,0.0174,1,
1779886899.5726314,10.0.0.1,10.0.0.47,"[1, 7, 13]",15.0,9.4477,0.0,0.0288,0,
1779886899.5757563,10.0.0.1,10.0.0.47,"[7, 13]",15.0,5.2715,0.0,0.0224,1,
1779886899.5787427,10.0.0.47,10.0.0.1,"[13, 7, 1]",15.0,9.4592,0.0,0.0174,0,
1779886899.5798066,10.0.0.47,10.0.0.1,"[7, 1]",15.0,4.3588,0.0,0.0122,1,
1779886899.585952,10.0.0.1,10.0.0.48,"[1, 7, 13]",15.0,9.4477,0.0,0.0265,0,
1779886899.5874255,10.0.0.1,10.0.0.48,"[7, 13]",15.0,5.2715,0.0,0.0153,1,
1779886899.5925443,10.0.0.48,10.0.0.1,"[13, 7, 1]",15.0,9.4592,0.0,0.0257,0,
1779886899.5937092,10.0.0.48,10.0.0.1,"[7, 1]",15.0,4.3588,0.0,0.0126,1,
1779886899.597704,10.0.0.1,10.0.0.49,"[1, 7, 13]",15.0,9.4477,0.0,0.0226,0,
1779886899.5992248,10.0.0.1,10.0.0.49,"[7, 13]",15.0,5.2715,0.0,0.031,1,
1779886899.603873,10.0.0.49,10.0.0.1,"[13, 7, 1]",15.0,9.4592,0.0,0.0291,0,
1779886899.6056652,10.0.0.49,10.0.0.1,"[7, 1]",15.0,4.3588,0.0,0.0224,1,
1779886899.6101246,10.0.0.1,10.0.0.50,"[1, 7, 13]",15.0,9.4477,0.0,0.0188,0,
1779886899.611204,10.0.0.1,10.0.0.50,"[7, 13]",15.0,5.2715,0.0,0.0155,1,
1779886899.6159809,10.0.0.50,10.0.0.1,"[13, 7, 1]",15.0,9.4592,0.0,0.0529,0,
1779886899.6179395,10.0.0.50,10.0.0.1,"[7, 1]",15.0,4.3588,0.0,0.0181,1,
1779886899.6221297,10.0.0.1,10.0.0.51,"[1, 8, 15, 16, 17, 18]",14.9998,32.7574,0.0,0.0308,0,
1779886899.6235852,10.0.0.1,10.0.0.51,"[8, 15, 16, 17, 18]",14.9998,29.5062,0.0,0.0391,1,
1779886899.6249177,10.0.0.1,10.0.0.51,"[15, 16, 17, 18]",14.9998,25.3669,0.0,0.0253,1,
1779886899.626718,10.0.0.1,10.0.0.51,"[16, 17, 18]",15.0,18.1611,0.0,0.0215,1,
1779886899.6296165,10.0.0.1,10.0.0.51,"[17, 18]",15.0,8.839,0.0,0.0887,1,
1779886899.6332264,10.0.0.51,10.0.0.1,"[18, 17, 16, 15, 8, 1]",14.9998,33.2786,0.0,0.0324,0,
1779886899.6351495,10.0.0.51,10.0.0.1,"[17, 16, 15, 8, 1]",14.9998,24.2837,0.0,0.0193,1,
1779886899.6361525,10.0.0.51,10.0.0.1,"[16, 15, 8, 1]",14.9998,15.1175,0.0,0.0122,1,
1779886899.63756,10.0.0.51,10.0.0.1,"[15, 8, 1]",15.0,7.7387,0.0,0.0131,1,
1779886899.6399498,10.0.0.51,10.0.0.1,"[8, 1]",15.0,3.4338,0.0,0.0358,1,
1779886899.6464155,10.0.0.1,10.0.0.52,"[1, 8, 15, 16, 17, 18]",14.9998,32.7574,0.0,0.047,0,
1779886899.6479917,10.0.0.1,10.0.0.52,"[8, 15, 16, 17, 18]",14.9998,29.5062,0.0,0.0207,1,
1779886899.6490905,10.0.0.1,10.0.0.52,"[15, 16, 17, 18]",14.9998,25.3669,0.0,0.0167,1,
1779886899.6508083,10.0.0.1,10.0.0.52,"[16, 17, 18]",15.0,18.1611,0.0,0.0174,1,
1779886899.652699,10.0.0.1,10.0.0.52,"[17, 18]",15.0,8.839,0.0,0.0238,1,
1779886899.6560183,10.0.0.52,10.0.0.1,"[18, 17, 16, 15, 8, 1]",14.9998,33.2786,0.0,0.0315,0,
1779886899.6581695,10.0.0.52,10.0.0.1,"[17, 16, 15, 8, 1]",14.9998,24.2837,0.0,0.0288,1,
1779886899.659638,10.0.0.52,10.0.0.1,"[16, 15, 8, 1]",14.9998,15.1175,0.0,0.0196,1,
1779886899.6616898,10.0.0.52,10.0.0.1,"[15, 8, 1]",15.0,7.7387,0.0,0.015,1,
1779886899.6631267,10.0.0.52,10.0.0.1,"[8, 1]",15.0,3.4338,0.0,0.011,1,
1779886899.6677144,10.0.0.1,10.0.0.53,"[1, 8, 15, 16, 17, 18]",14.9998,32.7574,0.0,0.0355,0,
1779886899.6699,10.0.0.1,10.0.0.53,"[8, 15, 16, 17, 18]",14.9998,29.5062,0.0,0.0327,1,
1779886899.6713703,10.0.0.1,10.0.0.53,"[15, 16, 17, 18]",14.9998,25.3669,0.0,0.0219,1,
1779886899.6726437,10.0.0.1,10.0.0.53,"[16, 17, 18]",15.0,18.1611,0.0,0.0131,1,
1779886899.6742997,10.0.0.1,10.0.0.53,"[17, 18]",15.0,8.839,0.0,0.0119,1,
1779886899.6771584,10.0.0.53,10.0.0.1,"[18, 17, 16, 15, 8, 1]",14.9998,33.2786,0.0,0.0315,0,
1779886899.6789935,10.0.0.53,10.0.0.1,"[17, 16, 15, 8, 1]",14.9998,24.2837,0.0,0.0288,1,
1779886899.680802,10.0.0.53,10.0.0.1,"[16, 15, 8, 1]",14.9998,15.1175,0.0,0.0186,1,
1779886899.6841042,10.0.0.53,10.0.0.1,"[15, 8, 1]",15.0,7.7387,0.0,0.0274,1,
1779886899.6868045,10.0.0.53,10.0.0.1,"[8, 1]",15.0,3.4338,0.0,0.0172,1,
1779886899.691394,10.0.0.1,10.0.0.54,"[1, 8, 15, 16, 17, 18]",14.9998,32.7574,0.0,0.0353,0,
1779886899.6944957,10.0.0.1,10.0.0.54,"[8, 15, 16, 17, 18]",14.9998,29.5062,0.0,0.0348,1,
1779886899.696478,10.0.0.1,10.0.0.54,"[15, 16, 17, 18]",14.9998,25.3669,0.0,0.0234,1,
1779886899.6978421,10.0.0.1,10.0.0.54,"[16, 17, 18]",15.0,18.1611,0.0,0.0193,1,
1779886899.699858,10.0.0.1,10.0.0.54,"[17, 18]",15.0,8.839,0.0,0.0165,1,
1779886899.7026517,10.0.0.54,10.0.0.1,"[18, 17, 16, 15, 8, 1]",14.9998,33.2786,0.0,0.0243,0,
1779886899.704233,10.0.0.54,10.0.0.1,"[17, 16, 15, 8, 1]",14.9998,24.2837,0.0,0.0196,1,
1779886899.7065644,10.0.0.54,10.0.0.1,"[16, 15, 8, 1]",14.9998,15.1175,0.0,0.0277,1,
1779886899.7087324,10.0.0.54,10.0.0.1,"[15, 8, 1]",15.0,7.7387,0.0,0.042,1,
1779886899.7111666,10.0.0.54,10.0.0.1,"[8, 1]",15.0,3.4338,0.0,0.0231,1,
1779886899.7161548,10.0.0.1,10.0.0.55,"[1, 8, 15, 16, 17, 18]",14.9998,32.7574,0.0,0.0305,0,
1779886899.7177474,10.0.0.1,10.0.0.55,"[8, 15, 16, 17, 18]",14.9998,29.5062,0.0,0.0219,1,
1779886899.7204301,10.0.0.1,10.0.0.55,"[15, 16, 17, 18]",14.9998,25.3669,0.0,0.0455,1,
1779886899.7227976,10.0.0.1,10.0.0.55,"[16, 17, 18]",15.0,18.1611,0.0,0.0188,1,
1779886899.7244322,10.0.0.1,10.0.0.55,"[17, 18]",15.0,8.839,0.0,0.0126,1,
1779886899.727684,10.0.0.55,10.0.0.1,"[18, 17, 16, 15, 8, 1]",14.9998,33.2786,0.0,0.0327,0,
1779886899.7294812,10.0.0.55,10.0.0.1,"[17, 16, 15, 8, 1]",14.9998,24.2837,0.0,0.0238,1,
1779886899.7309394,10.0.0.55,10.0.0.1,"[16, 15, 8, 1]",14.9998,15.1175,0.0,0.0143,1,
1779886899.7323496,10.0.0.55,10.0.0.1,"[15, 8, 1]",15.0,7.7387,0.0,0.0172,1,
1779886899.7345102,10.0.0.55,10.0.0.1,"[8, 1]",15.0,3.4338,0.0,0.0169,1,
1779886899.740843,10.0.0.1,10.0.0.56,"[1, 8, 15, 16, 17, 18]",14.9998,32.7574,0.0,0.0355,0,
1779886899.742454,10.0.0.1,10.0.0.56,"[8, 15, 16, 17, 18]",14.9998,29.5062,0.0,0.0196,1,
1779886899.7438269,10.0.0.1,10.0.0.56,"[15, 16, 17, 18]",14.9998,25.3669,0.0,0.0131,1,
1779886899.7452893,10.0.0.1,10.0.0.56,"[16, 17, 18]",15.0,18.1611,0.0,0.0155,1,
1779886899.7480102,10.0.0.1,10.0.0.56,"[17, 18]",15.0,8.839,0.0,0.0236,1,
1779886899.751783,10.0.0.56,10.0.0.1,"[18, 17, 16, 15, 8, 1]",14.9998,33.2786,0.0,0.0343,0,
1779886899.7534432,10.0.0.56,10.0.0.1,"[17, 16, 15, 8, 1]",14.9998,24.2837,0.0,0.0243,1,
1779886899.7552435,10.0.0.56,10.0.0.1,"[16, 15, 8, 1]",14.9998,15.1175,0.0,0.0217,1,
1779886899.7568707,10.0.0.56,10.0.0.1,"[15, 8, 1]",15.0,7.7387,0.0,0.0153,1,
1779886899.7582493,10.0.0.56,10.0.0.1,"[8, 1]",15.0,3.4338,0.0,0.0112,1,
1779886899.7637515,10.0.0.1,10.0.0.57,"[1, 8, 15, 16, 17, 18]",14.9998,32.7574,0.0,0.0408,0,
1779886899.7662177,10.0.0.1,10.0.0.57,"[8, 15, 16, 17, 18]",14.9998,29.5062,0.0,0.0288,1,
1779886899.767984,10.0.0.1,10.0.0.57,"[15, 16, 17, 18]",14.9998,25.3669,0.0,0.0203,1,
1779886899.769256,10.0.0.1,10.0.0.57,"[16, 17, 18]",15.0,18.1611,0.0,0.0181,1,
1779886899.7710044,10.0.0.1,10.0.0.57,"[17, 18]",15.0,8.839,0.0,0.0172,1,
1779886899.7760103,10.0.0.57,10.0.0.1,"[18, 17, 16, 15, 8, 1]",14.9998,33.2786,0.0,0.0374,0,
1779886899.7778707,10.0.0.57,10.0.0.1,"[17, 16, 15, 8, 1]",14.9998,24.2837,0.0,0.0274,1,
1779886899.7788653,10.0.0.57,10.0.0.1,"[16, 15, 8, 1]",14.9998,15.1175,0.0,0.0119,1,
1779886899.780128,10.0.0.57,10.0.0.1,"[15, 8, 1]",15.0,7.7387,0.0,0.0103,1,
1779886899.7817047,10.0.0.57,10.0.0.1,"[8, 1]",15.0,3.4338,0.0,0.015,1,
1779886899.7869387,10.0.0.1,10.0.0.58,"[1, 8, 15, 16, 17, 18]",14.9998,32.7574,0.0,0.0358,0,
1779886899.788417,10.0.0.1,10.0.0.58,"[8, 15, 16, 17, 18]",14.9998,29.5062,0.0,0.0346,1,
1779886899.7912707,10.0.0.1,10.0.0.58,"[15, 16, 17, 18]",14.9998,25.3669,0.0,0.0286,1,
1779886899.793765,10.0.0.1,10.0.0.58,"[16, 17, 18]",15.0,18.1611,0.0,0.0238,1,
1779886899.8091178,10.0.0.1,10.0.0.58,"[17, 18]",14.998,9.1691,0.0,0.0203,1,
1779886899.8318796,10.0.0.58,10.0.0.1,"[18, 17, 16, 15, 8, 1]",14.9956,34.3184,0.0,0.0362,0,
1779886899.8343585,10.0.0.58,10.0.0.1,"[17, 16, 15, 8, 1]",14.9956,24.9735,0.0,0.0334,1,
1779886899.837451,10.0.0.58,10.0.0.1,"[16, 15, 8, 1]",14.9956,15.4402,0.0,0.0248,1,
1779886899.8394892,10.0.0.58,10.0.0.1,"[15, 8, 1]",14.9956,7.8945,0.0,0.0243,1,
1779886899.8413749,10.0.0.58,10.0.0.1,"[8, 1]",14.9956,3.5012,0.0,0.0181,1,
1779886911.8480775,10.0.0.1,10.0.0.91,"[1, 8, 15, 22, 23, 30]",14.9998,28.6125,0.0,0.0331,0,
1779886911.8495004,10.0.0.1,10.0.0.91,"[8, 15, 22, 23, 30]",14.9998,25.7927,0.0,0.0246,1,
1779886911.851613,10.0.0.1,10.0.0.91,"[15, 22, 23, 30]",14.9998,21.9273,0.0,0.0148,1,
1779886911.8529685,10.0.0.1,10.0.0.91,"[22, 23, 30]",14.9998,15.7099,0.0,0.0105,1,
1779886911.8541975,10.0.0.1,10.0.0.91,"[23, 30]",14.9998,8.6132,0.0,0.0088,1,
1779886911.8570797,10.0.0.91,10.0.0.1,"[30, 23, 22, 15, 8, 1]",14.9998,29.4102,0.0,0.0567,0,
1779886911.8590896,10.0.0.91,10.0.0.1,"[23, 22, 15, 8, 1]",15.0,20.6099,0.0,0.0248,1,
1779886911.8612266,10.0.0.91,10.0.0.1,"[22, 15, 8, 1]",15.0,13.7004,0.0,0.015,1,
1779886911.8626502,10.0.0.91,10.0.0.1,"[15, 8, 1]",15.0,7.288,0.0,0.0122,1,
1779886911.8641064,10.0.0.91,10.0.0.1,"[8, 1]",15.0,3.1248,0.0,0.0124,1,
1779886913.8525314,10.0.0.23,10.0.0.57,"[7, 8, 15, 16, 17, 18]",14.9998,32.7008,0.0,0.0367,0,
1779886913.854887,10.0.0.23,10.0.0.57,"[8, 15, 16, 17, 18]",14.9998,28.1428,0.0,0.0293,1,
1779886913.8576612,10.0.0.23,10.0.0.57,"[15, 16, 17, 18]",14.9998,24.2775,0.0,0.0215,1,
1779886913.858654,10.0.0.23,10.0.0.57,"[16, 17, 18]",14.9998,17.3227,0.0,0.0131,1,
1779886913.8603344,10.0.0.23,10.0.0.57,"[17, 18]",14.9998,8.4228,0.0,0.0129,1,
1779886913.8630583,10.0.0.57,10.0.0.23,"[18, 17, 16, 15, 14, 7]",14.9998,32.2143,0.0,0.0417,0,
1779886913.865133,10.0.0.57,10.0.0.23,"[17, 16, 9, 8, 7]",14.9998,29.1546,0.0,0.0272,1,
1779886913.867461,10.0.0.57,10.0.0.23,"[16, 15, 14, 7]",15.0,14.8917,0.0,0.0265,1,
1779886913.8692863,10.0.0.57,10.0.0.23,"[15, 14, 7]",15.0,7.7419,0.0,0.0191,1,
1779886913.8712597,10.0.0.57,10.0.0.23,"[14, 7]",15.0,3.9235,0.0,0.0188,1,
1779886913.8742728,10.0.0.57,10.0.0.23,"[14, 7]",15.0,3.9235,0.0,0.0145,0,
1779886913.8746119,10.0.0.57,10.0.0.23,"[14, 7]",15.0,3.9235,0.0,0.0093,0,
1779886916.8583424,10.0.0.81,10.0.0.11,"[25, 26, 27, 21, 15, 16, 10, 4, 5, 6]",14.2594,60.3632,0.0,0.0639,0,
1779886916.8607843,10.0.0.81,10.0.0.11,"[26, 27, 21, 15, 16, 10, 4, 5, 6]",14.2594,53.4945,0.0,0.057,1,
1779886916.8620214,10.0.0.81,10.0.0.11,"[27, 21, 15, 9, 3, 4, 5, 6]",14.9998,49.6092,0.0,0.0274,1,
1779886916.8631463,10.0.0.81,10.0.0.11,"[21, 15, 9, 3, 4, 5, 6]",14.9998,40.2144,0.0,0.02,1,
1779886916.8646514,10.0.0.81,10.0.0.11,"[15, 9, 3, 4, 5, 6]",14.9998,31.2553,0.0,0.0181,1,
1779886916.86586,10.0.0.81,10.0.0.11,"[9, 3, 4, 5, 6]",14.9998,23.7468,0.0,0.0172,1,
1779886916.8688118,10.0.0.81,10.0.0.11,"[3, 4, 5, 6]",14.9998,16.9013,0.0,0.0269,1,
1779886916.870904,10.0.0.81,10.0.0.11,"[4, 5, 6]",15.0,12.08,0.0,0.0224,1,
1779886916.8738906,10.0.0.81,10.0.0.11,"[5, 6]",15.0,5.6285,0.0,0.0222,1,
1779886916.8774827,10.0.0.11,10.0.0.81,"[6, 5, 11, 10, 16, 15, 21, 27, 26, 25]",14.9986,65.2388,0.0,0.0393,0,
1779886916.879398,10.0.0.11,10.0.0.81,"[5, 11, 10, 16, 15, 21, 27, 26, 25]",14.9986,58.5289,0.0,0.0346,1,
1779886916.8804488,10.0.0.11,10.0.0.81,"[11, 17, 23, 29, 28, 27, 26, 25]",14.9998,45.6846,0.0,0.0274,1,
1779886916.8819046,10.0.0.11,10.0.0.81,"[17, 23, 29, 28, 27, 26, 25]",14.9998,34.4737,0.0,0.02,1,
1779886916.883983,10.0.0.11,10.0.0.81,"[23, 29, 28, 27, 26, 25]",14.9998,26.88,0.0,0.0241,1,
1779886916.886437,10.0.0.11,10.0.0.81,"[29, 28, 27, 26, 25]",15.0,19.9473,0.0,0.0243,1,
1779886916.888374,10.0.0.11,10.0.0.81,"[28, 27, 26, 25]",15.0,14.8327,0.0,0.0186,1,
1779886916.8896494,10.0.0.11,10.0.0.81,"[27, 26, 25]",15.0,10.6231,0.0,0.0176,1,
1779886916.8911915,10.0.0.11,10.0.0.81,"[26, 25]",15.0,6.8479,0.0,0.0143,1,
1779886919.8630097,10.0.0.63,10.0.0.35,"[19, 13, 7, 8, 9, 10, 11, 12]",9.8577,56.6643,0.0,0.0412,0,
1779886919.8653774,10.0.0.63,10.0.0.35,"[13, 14, 15, 16, 17, 18, 12]",12.1188,56.8652,0.0,0.0334,1,
1779886919.8668873,10.0.0.63,10.0.0.35,"[14, 15, 16, 17, 18, 12]",12.1188,52.3071,0.0,0.0231,1,
1779886919.8684037,10.0.0.63,10.0.0.35,"[15, 16, 17, 18, 12]",12.1188,47.9403,0.0,0.0167,1,
1779886919.8698514,10.0.0.63,10.0.0.35,"[16, 17, 18, 12]",12.1188,37.9109,0.0,0.0143,1,
1779886919.8723693,10.0.0.63,10.0.0.35,"[17, 18, 12]",12.1188,25.0289,0.0,0.021,1,
1779886919.8741987,10.0.0.63,10.0.0.35,"[18, 12]",15.0,11.8165,0.0,0.016,1,
1779886919.8777332,10.0.0.35,10.0.0.63,"[12, 18, 24, 23, 22, 21, 20, 19]",14.9998,85.1268,0.0,0.0565,0,
1779886919.8797047,10.0.0.35,10.0.0.63,"[18, 17, 16, 15, 14, 13, 19]",14.9998,49.455,0.0,0.0329,1,
1779886919.8819263,10.0.0.35,10.0.0.63,"[17, 16, 15, 14, 13, 19]",14.9998,36.9799,0.0,0.0269,1,
1779886919.883892,10.0.0.35,10.0.0.63,"[16, 15, 14, 13, 19]",14.9998,23.3606,0.0,0.0324,1,
1779886919.8858407,10.0.0.35,10.0.0.63,"[15, 14, 13, 19]",14.9998,13.2289,0.0,0.0253,1,
1779886919.904932,10.0.0.35,10.0.0.63,"[14, 13, 19]",14.9998,8.6946,0.0,0.0277,1,
1779886919.9084136,10.0.0.35,10.0.0.63,"[13, 19]",14.9998,4.304,0.0,0.0198,1,
1779886919.9127903,10.0.0.35,10.0.0.63,"[13, 19]",14.9998,4.304,0.0,0.0594,0,
1779886919.913301,10.0.0.35,10.0.0.63,"[13, 19]",14.9998,4.304,0.0,0.0229,0,
1779886919.9136858,10.0.0.35,10.0.0.63,"[13, 19]",14.9998,4.304,0.0,0.0086,0,
1779886920.868092,10.0.0.4,10.0.0.94,"[1, 8, 15, 22, 23, 30]",9.9996,37.4627,0.0,0.0503,0,
1779886920.9382844,10.0.0.4,10.0.0.94,"[8, 15, 22, 23, 30]",9.9998,33.4055,0.0,0.0293,1,
1779886921.0589232,10.0.0.4,10.0.0.94,"[15, 22, 23, 30]",12.9032,28.4714,0.0,0.026,1,
1779886921.0609565,10.0.0.4,10.0.0.94,"[22, 23, 30]",12.9032,20.2819,0.0,0.0455,1,
1779886921.0625286,10.0.0.4,10.0.0.94,"[23, 30]",12.9035,11.1018,0.0,0.0105,1,
1779886921.0655596,10.0.0.94,10.0.0.4,"[30, 23, 22, 15, 8, 1]",14.9998,37.7794,0.0,0.0241,0,
1779886921.069043,10.0.0.94,10.0.0.4,"[23, 22, 15, 8, 1]",14.9998,26.462,0.0,0.0339,1,
1779886921.0713558,10.0.0.94,10.0.0.4,"[22, 15, 8, 1]",14.9998,17.4975,0.0,0.02,1,
1779886921.0747569,10.0.0.94,10.0.0.4,"[15, 8, 1]",15.0,9.1061,0.0,0.0246,1,
1779886921.0766058,10.0.0.94,10.0.0.4,"[8, 1]",15.0,4.0729,0.0,0.0165,1,
1779886923.8727458,10.0.0.84,10.0.0.14,"[25, 26, 27, 21, 15, 16, 10, 4, 5, 6]",6.17,70.0489,0.0,0.0455,0,
1779886923.876166,10.0.0.84,10.0.0.14,"[26, 27, 21, 15, 16, 10, 4, 5, 6]",6.17,61.8115,0.0,0.0417,1,
1779886923.8773768,10.0.0.84,10.0.0.14,"[27, 21, 15, 9, 3, 4, 5, 6]",9.8518,57.4417,0.0,0.026,1,
1779886923.8785226,10.0.0.84,10.0.0.14,"[21, 15, 9, 3, 4, 5, 6]",9.8518,46.3546,0.0,0.0336,1,
1779886923.8802238,10.0.0.84,10.0.0.14,"[15, 9, 3, 4, 5, 6]",9.8518,36.0522,0.0,0.021,1,
1779886923.881316,10.0.0.84,10.0.0.14,"[9, 3, 4, 5, 6]",9.8518,26.7672,0.0,0.0174,1,
1779886923.8827066,10.0.0.84,10.0.0.14,"[3, 4, 5, 6]",9.8518,18.5068,0.0,0.0124,1,
1779886923.8836915,10.0.0.84,10.0.0.14,"[4, 5, 6]",9.8518,12.8374,0.0,0.0107,1,
1779886923.8847797,10.0.0.84,10.0.0.14,"[5, 6]",9.8556,5.2987,0.0,0.0114,1,
1779886923.8898337,10.0.0.14,10.0.0.84,"[6, 5, 11, 10, 16, 15, 21, 27, 26, 25]",14.9998,74.3861,0.0,0.046,0,
1779886923.8920548,10.0.0.14,10.0.0.84,"[5, 11, 10, 16, 15, 21, 27, 26, 25]",14.9998,68.9367,0.0,0.0412,1,
1779886923.893724,10.0.0.14,10.0.0.84,"[11, 17, 23, 29, 28, 27, 26, 25]",15.0,51.9809,0.0,0.0312,1,
1779886923.8952773,10.0.0.14,10.0.0.84,"[17, 23, 29, 28, 27, 26, 25]",15.0,41.2474,0.0,0.0215,1,
1779886923.8972166,10.0.0.14,10.0.0.84,"[23, 29, 28, 27, 26, 25]",15.0,32.5617,0.0,0.0179,1,
1779886923.8986356,10.0.0.14,10.0.0.84,"[29, 28, 27, 26, 25]",15.0,24.0275,0.0,0.0141,1,
1779886923.8998945,10.0.0.14,10.0.0.84,"[28, 27, 26, 25]",15.0,17.6951,0.0,0.0114,1,
1779886923.902483,10.0.0.14,10.0.0.84,"[27, 26, 25]",15.0,12.5679,0.0,0.0234,1,
1779886923.9042115,10.0.0.14,10.0.0.84,"[26, 25]",15.0,8.22,0.0,0.015,1,
1779886923.9067335,10.0.0.14,10.0.0.84,"[27, 26, 25]",15.0,12.5679,0.0,0.0143,1,
1779886923.9071274,10.0.0.14,10.0.0.84,"[27, 26, 25]",15.0,12.5679,0.0,0.0126,0,
1779886927.8796105,10.0.0.2,10.0.0.72,"[1, 8, 15, 22, 23, 24]",10.0036,35.0436,0.0,0.0348,0,
1779886927.969559,10.0.0.2,10.0.0.72,"[8, 15, 22, 23, 24]",10.0036,30.9446,0.0,0.0336,1,
1779886928.0909376,10.0.0.2,10.0.0.72,"[15, 22, 23, 24]",11.7725,25.885,0.0,0.03,1,
1779886928.0935712,10.0.0.2,10.0.0.72,"[22, 23, 24]",11.7725,18.2728,0.0,0.0274,1,
1779886928.0954752,10.0.0.2,10.0.0.72,"[23, 24]",15.0,9.8231,0.0,0.0196,1,
1779886928.1024454,10.0.0.72,10.0.0.2,"[24, 23, 22, 15, 8, 1]",14.9995,34.8678,0.0,0.0544,0,
1779886928.1063442,10.0.0.72,10.0.0.2,"[23, 22, 15, 8, 1]",14.9995,24.9102,0.0,0.0367,1,
1779886928.1092098,10.0.0.72,10.0.0.2,"[22, 15, 8, 1]",14.9995,16.595,0.0,0.0284,1,
1779886928.111306,10.0.0.72,10.0.0.2,"[15, 8, 1]",14.9995,9.0595,0.0,0.0207,1,
1779886928.113189,10.0.0.72,10.0.0.2,"[8, 1]",14.9995,4.0627,0.0,0.0174,1,
1779886929.8851693,10.0.0.21,10.0.0.97,"[7, 8, 15, 22, 23, 30]",9.8566,37.7623,0.0,0.1287,0,
1779886929.8880243,10.0.0.21,10.0.0.97,"[8, 15, 22, 23, 30]",9.9996,32.2429,0.0,0.0362,1,
1779886931.0351648,10.0.0.21,10.0.0.97,"[15, 22, 23, 30]",11.7905,27.3229,0.0,0.1218,1,
1779886931.039655,10.0.0.21,10.0.0.97,"[22, 23, 30]",11.7943,19.5951,0.0,0.041,1,
1779886931.044494,10.0.0.21,10.0.0.97,"[23, 30]",11.7943,11.0209,0.0,0.042,1,
1779886931.060377,10.0.0.97,10.0.0.21,"[30, 23, 22, 21, 14, 7]",14.9994,47.4716,0.0,0.052,0,
1779886931.0650027,10.0.0.97,10.0.0.21,"[23, 22, 21, 14, 7]",14.9994,36.5185,0.0,0.0725,1,
1779886931.0679188,10.0.0.97,10.0.0.21,"[22, 15, 14, 7]",14.9994,17.5944,0.0,0.052,1,
1779886931.070892,10.0.0.97,10.0.0.21,"[15, 14, 7]",15.0,9.8203,0.0,0.0277,1,
1779886931.0747528,10.0.0.97,10.0.0.21,"[14, 7]",15.0,5.1179,0.0,0.0265,1,
1779886931.8908017,10.0.0.24,10.0.0.98,"[7, 8, 15, 22, 23, 30]",9.8566,37.7623,0.0,0.0367,0,
1779886931.8938422,10.0.0.24,10.0.0.98,"[8, 15, 22, 23, 30]",9.9996,32.2429,0.0,0.1116,1,
1779886933.8969562,10.0.0.82,10.0.0.32,"[25, 26, 27, 21, 15, 16, 17, 18, 12]",5.1633,71.1224,0.0,0.0417,0,
1779886933.8992693,10.0.0.82,10.0.0.32,"[26, 27, 21, 15, 16, 17, 18, 12]",5.1633,63.3139,0.0,0.0389,1,
1779886933.9016318,10.0.0.82,10.0.0.32,"[27, 28, 29, 23, 17, 18, 12]",8.3464,45.7623,0.0,0.0305,1,
1779886933.9037285,10.0.0.82,10.0.0.32,"[28, 29, 23, 17, 18, 12]",8.3464,41.1031,0.0,0.0288,1,
1779886933.9070153,10.0.0.82,10.0.0.32,"[29, 23, 17, 18, 12]",8.3464,35.2183,0.0,0.0317,1,
1779886933.9091673,10.0.0.82,10.0.0.32,"[23, 17, 18, 12]",8.3464,27.5846,0.0,0.0215,1,
1779886933.9121337,10.0.0.82,10.0.0.32,"[17, 18, 12]",8.3464,19.1695,0.0,0.0226,1,
1779886933.9144785,10.0.0.82,10.0.0.32,"[18, 12]",9.8562,9.1403,0.0,0.0184,1,
1779886933.923034,10.0.0.32,10.0.0.82,"[12, 18, 24, 23, 29, 28, 27, 26, 25]",14.9476,61.6157,0.0,0.0439,0,
1779886933.92459,10.0.0.32,10.0.0.82,"[18, 24, 23, 29, 28, 27, 26, 25]",14.9476,52.1501,0.0,0.0339,1,
1779886933.9259262,10.0.0.32,10.0.0.82,"[24, 23, 29, 28, 27, 26, 25]",14.9476,40.4066,0.0,0.0184,1,
1779886933.9292374,10.0.0.32,10.0.0.82,"[23, 29, 28, 27, 26, 25]",14.9476,30.5598,0.0,0.0255,1,
1779886933.9326863,10.0.0.32,10.0.0.82,"[29, 28, 27, 26, 25]",14.9476,22.6435,0.0,0.0284,1,
1779886933.9357405,10.0.0.32,10.0.0.82,"[28, 27, 26, 25]",14.9477,17.1834,0.0,0.0215,1,
1779886933.9367683,10.0.0.32,10.0.0.82,"[27, 26, 25]",14.9477,12.0994,0.0,0.0131,1,
1779886933.9381735,10.0.0.32,10.0.0.82,"[26, 25]",14.9477,7.8326,0.0,0.0093,1,
1779886933.941628,10.0.0.32,10.0.0.82,"[26, 25]",14.9477,7.8326,0.0,0.0217,0,
1779886933.942285,10.0.0.32,10.0.0.82,"[26, 25]",14.9477,7.8326,0.0,0.0098,0,
1779886935.0289383,10.0.0.24,10.0.0.98,"[15, 22, 23, 30]",11.5061,26.4214,0.0,0.0312,1,
1779886935.0314028,10.0.0.24,10.0.0.98,"[22, 23, 30]",11.5061,18.8225,0.0,0.0279,1,
1779886935.033658,10.0.0.24,10.0.0.98,"[23, 30]",11.5109,10.7064,0.0,0.02,1,
1779886935.040913,10.0.0.98,10.0.0.24,"[30, 23, 22, 21, 14, 7]",14.9985,45.4879,0.0,0.0532,0,
1779886935.04372,10.0.0.98,10.0.0.24,"[23, 22, 21, 14, 7]",14.9985,35.0642,0.0,0.0286,1,
1779886935.0454557,10.0.0.98,10.0.0.24,"[22, 15, 14, 7]",14.9984,16.9172,0.0,0.0207,1,
1779886935.0473588,10.0.0.98,10.0.0.24,"[15, 14, 7]",14.9994,9.5802,0.0,0.02,1,
1779886935.0493765,10.0.0.98,10.0.0.24,"[14, 7]",14.9994,5.1717,0.0,0.0176,1,
1779886935.90082,10.0.0.61,10.0.0.15,"[19, 13, 7, 1, 2, 3, 4, 5, 6]",5.1504,49.195,0.0,0.0443,0,
1779886935.9033675,10.0.0.61,10.0.0.15,"[13, 7, 1, 2, 3, 4, 5, 6]",5.1504,42.8438,0.0,0.0336,1,
1779886935.9054391,10.0.0.61,10.0.0.15,"[7, 1, 2, 3, 4, 5, 6]",5.1504,37.3177,0.0,0.0248,1,
1779886935.907573,10.0.0.61,10.0.0.15,"[1, 2, 3, 4, 5, 6]",5.1504,32.932,0.0,0.02,1,
1779886935.909996,10.0.0.61,10.0.0.15,"[2, 3, 4, 5, 6]",5.1504,25.9827,0.0,0.0231,1,
1779886935.9124093,10.0.0.61,10.0.0.15,"[3, 4, 5, 6]",5.1504,19.1245,0.0,0.0212,1,
1779886935.9156442,10.0.0.61,10.0.0.15,"[4, 5, 6]",5.1504,14.1679,0.0,0.02,1,
1779886935.9176328,10.0.0.61,10.0.0.15,"[5, 6]",5.1504,7.6971,0.0,0.015,1,
1779886935.9228017,10.0.0.15,10.0.0.61,"[6, 5, 11, 10, 16, 15, 14, 13, 19]",14.9386,53.0755,0.0,0.042,0,
1779886935.9243343,10.0.0.15,10.0.0.61,"[5, 11, 10, 16, 15, 14, 13, 19]",14.9386,45.6389,0.0,0.0694,1,
1779886935.9270322,10.0.0.15,10.0.0.61,"[11, 10, 9, 8, 14, 13, 19]",15.0,36.0189,0.0,0.0303,1,
1779886935.9296386,10.0.0.15,10.0.0.61,"[10, 9, 8, 14, 13, 19]",15.0,28.8694,0.0,0.0281,1,
1779886935.9338171,10.0.0.15,10.0.0.61,"[9, 8, 14, 13, 19]",15.0,21.5037,0.0,0.0312,1,
1779886935.9389427,10.0.0.15,10.0.0.61,"[8, 14, 13, 19]",15.0,14.1562,0.0,0.0253,1,
1779886935.9424126,10.0.0.15,10.0.0.61,"[14, 13, 19]",15.0,10.7548,0.0,0.0229,1,
1779886935.9453611,10.0.0.15,10.0.0.61,"[13, 19]",15.0,6.5818,0.0,0.0482,1,
1779886935.9518921,10.0.0.15,10.0.0.61,"[13, 19]",15.0,6.5818,0.0,0.0231,0,
1779886935.952311,10.0.0.15,10.0.0.61,"[13, 19]",15.0,6.5818,0.0,0.0134,0,
1779886936.9076269,10.0.0.64,10.0.0.16,"[19, 13, 7, 1, 2, 3, 4, 5, 6]",5.1504,49.195,0.0,0.046,0,
1779886936.9212306,10.0.0.64,10.0.0.16,"[13, 7, 1, 2, 3, 4, 5, 6]",5.1504,42.8438,0.0,0.145,1,
1779886936.9251313,10.0.0.64,10.0.0.16,"[7, 1, 2, 3, 4, 5, 6]",5.1504,37.3177,0.0,0.0334,1,
1779886936.9300818,10.0.0.64,10.0.0.16,"[1, 2, 3, 4, 5, 6]",5.1504,32.932,0.0,0.0355,1,
1779886936.9355757,10.0.0.64,10.0.0.16,"[2, 3, 4, 5, 6]",5.1504,25.9827,0.0,0.0846,1,
1779886936.938869,10.0.0.64,10.0.0.16,"[3, 4, 5, 6]",5.1504,19.1245,0.0,0.037,1,
1779886936.9427469,10.0.0.64,10.0.0.16,"[4, 5, 6]",5.1504,14.1679,0.0,0.0191,1,
1779886936.9496765,10.0.0.64,10.0.0.16,"[5, 6]",5.1504,7.6971,0.0,0.0315,1,
1779886936.9609878,10.0.0.16,10.0.0.64,"[6, 5, 11, 10, 16, 15, 14, 13, 19]",14.9386,53.0755,0.0,0.154,0,
1779886936.9668634,10.0.0.16,10.0.0.64,"[5, 11, 10, 16, 15, 14, 13, 19]",14.9386,45.6389,0.0,0.1163,1,
1779886936.9686759,10.0.0.16,10.0.0.64,"[11, 10, 9, 8, 14, 13, 19]",15.0,36.0189,0.0,0.0367,1,
1779886936.9718122,10.0.0.16,10.0.0.64,"[10, 9, 8, 14, 13, 19]",15.0,28.8694,0.0,0.0384,1,
1779886936.9743788,10.0.0.16,10.0.0.64,"[9, 8, 14, 13, 19]",15.0,21.5037,0.0,0.1664,1,
1779886936.9774067,10.0.0.16,10.0.0.64,"[8, 14, 13, 19]",15.0,14.1562,0.0,0.0246,1,
1779886936.9793382,10.0.0.16,10.0.0.64,"[14, 13, 19]",15.0,10.7548,0.0,0.0179,1,
1779886936.9803672,10.0.0.16,10.0.0.64,"[13, 19]",15.0,6.5818,0.0,0.0103,1,
1779886936.9841442,10.0.0.16,10.0.0.64,"[13, 19]",15.0,6.5818,0.0,0.0267,0,
1779886936.9851875,10.0.0.16,10.0.0.64,"[13, 19]",15.0,6.5818,0.0,0.0689,0,
1779886941.912756,10.0.0.27,10.0.0.83,"[7, 13, 19, 25]",14.9387,45.8128,0.0,0.0267,0,
1779886941.915285,10.0.0.27,10.0.0.83,"[13, 19, 25]",14.9387,30.736,0.0,0.0224,1,
1779886941.9171226,10.0.0.27,10.0.0.83,"[19, 25]",14.9998,15.6007,0.0,0.0172,1,
1779886941.9204102,10.0.0.83,10.0.0.27,"[25, 19, 13, 7]",5.0398,44.2829,0.0,0.052,0,
1779886941.9230425,10.0.0.83,10.0.0.27,"[19, 13, 7]",5.0398,28.7547,0.0,0.0229,1,
1779886941.9470494,10.0.0.83,10.0.0.27,"[13, 7]",10.2046,13.5468,0.0,0.0362,1,
1779886944.91777,10.0.0.34,10.0.0.64,"[12, 18, 24, 23, 22, 21, 20, 19]",14.9251,108.7258,0.0,0.0443,0,
1779886944.9204519,10.0.0.34,10.0.0.64,"[18, 17, 16, 15, 14, 13, 19]",13.0725,89.152,0.0,0.0427,1,
1779886944.9228961,10.0.0.34,10.0.0.64,"[17, 16, 15, 14, 13, 19]",13.0725,74.7115,0.0,0.2637,1,
1779886944.9249265,10.0.0.34,10.0.0.64,"[16, 15, 14, 13, 19]",13.0725,56.5931,0.0,0.0286,1,
1779886944.927374,10.0.0.34,10.0.0.64,"[15, 14, 13, 19]",13.0725,41.9982,0.0,0.0281,1,
1779886944.9294312,10.0.0.34,10.0.0.64,"[14, 13, 19]",13.0725,30.353,0.0,0.0203,1,
1779886944.931277,10.0.0.34,10.0.0.64,"[13, 19]",13.0725,16.6652,0.0,0.0217,1,
1779886944.9389384,10.0.0.64,10.0.0.34,"[19, 13, 7, 8, 9, 10, 11, 12]",5.0633,98.4074,0.0,0.0439,0,
1779886944.9591837,10.0.0.64,10.0.0.34,"[13, 14, 15, 16, 17, 18, 12]",3.7227,89.1031,0.0,0.0424,1,
1779886944.9621396,10.0.0.64,10.0.0.34,"[14, 15, 16, 17, 18, 12]",3.7227,77.4773,0.0,0.0687,1,
1779886944.9649081,10.0.0.64,10.0.0.34,"[15, 16, 17, 18, 12]",3.7227,63.7702,0.0,0.031,1,
1779886944.9680934,10.0.0.64,10.0.0.34,"[16, 17, 18, 12]",3.7227,45.9778,0.0,0.0265,1,
1779886944.969727,10.0.0.64,10.0.0.34,"[17, 18, 12]",3.7227,30.3061,0.0,0.0172,1,
1779886944.971663,10.0.0.64,10.0.0.34,"[18, 12]",5.106,13.4189,0.0,0.0134,1,
1779886947.9227407,10.0.0.85,10.0.0.22,"[25, 19, 13, 7]",5.1105,43.046,0.0,0.0303,0,
1779886947.9276705,10.0.0.85,10.0.0.22,"[19, 13, 7]",5.1105,26.0328,0.0,0.0296,1,
1779886947.948238,10.0.0.85,10.0.0.22,"[13, 7]",10.4288,12.3975,0.0,0.0296,1,
1779886947.9646766,10.0.0.22,10.0.0.85,"[7, 13, 19, 25]",6.3368,41.4395,0.0,0.0279,0,
1779886947.9823809,10.0.0.22,10.0.0.85,"[13, 19, 25]",6.3368,30.6485,0.0,0.0281,1,
1779886947.9916775,10.0.0.22,10.0.0.85,"[19, 25]",12.9481,16.5454,0.0,0.03,1,
1779886949.9278483,10.0.0.74,10.0.0.41,"[24, 23, 22, 21, 14, 13]",8.3654,62.6991,0.0,0.0374,0,
1779886949.93005,10.0.0.74,10.0.0.41,"[23, 22, 21, 14, 13]",8.3654,49.2628,0.0,0.0243,1,
1779886949.9314191,10.0.0.74,10.0.0.41,"[22, 15, 14, 13]",8.3654,33.4451,0.0,0.0157,1,
1779886949.933009,10.0.0.74,10.0.0.41,"[15, 14, 13]",8.3654,20.0318,0.0,0.0167,1,
1779886949.9352937,10.0.0.74,10.0.0.41,"[14, 13]",8.3654,11.5841,0.0,0.0176,1,
1779886949.9406183,10.0.0.41,10.0.0.74,"[13, 14, 15, 22, 23, 24]",9.7352,55.9839,0.0,0.0343,0,
1779886949.9433928,10.0.0.41,10.0.0.74,"[14, 15, 22, 23, 24]",9.7426,47.5288,0.0,0.035,1,
1779886949.9492772,10.0.0.41,10.0.0.74,"[15, 22, 23, 24]",11.808,36.3413,0.0,0.0303,1,
1779886949.9530537,10.0.0.41,10.0.0.74,"[22, 23, 24]",11.808,25.6678,0.0,0.0265,1,
1779886949.9557724,10.0.0.41,10.0.0.74,"[23, 24]",14.9998,13.4346,0.0,0.0229,1,
1779886952.9327447,10.0.0.3,10.0.0.53,"[1, 8, 15, 16, 17, 18]",4.2197,78.5173,0.0,0.0489,0,
1779886953.0352051,10.0.0.3,10.0.0.53,"[8, 15, 16, 17, 18]",4.2197,65.0241,0.0,0.0353,1,
1779886955.9375904,10.0.0.22,10.0.0.76,"[7, 8, 15, 22, 23, 24]",7.7997,80.6465,0.0,0.0415,0,
1779886955.9427028,10.0.0.22,10.0.0.76,"[8, 15, 22, 23, 24]",9.9969,67.7881,0.0,0.0501,1,
1779886956.190503,10.0.0.97,10.0.0.21,"[30, 23, 22, 21, 14, 7]",10.163,88.2068,0.0,0.0348,1,
1779886956.1936219,10.0.0.97,10.0.0.21,"[23, 22, 21, 14, 7]",10.163,69.792,0.0,0.0377,1,
1779886956.1963708,10.0.0.97,10.0.0.21,"[22, 15, 14, 7]",2.54,48.3765,0.0,0.0257,1,
1779886956.2169037,10.0.0.97,10.0.0.21,"[15, 14, 7]",2.54,31.1575,0.0,0.0291,1,
1779886956.222819,10.0.0.97,10.0.0.21,"[14, 7]",15.0,16.6212,0.0,0.0405,1,
1779886958.947578,10.0.0.83,10.0.0.51,"[25, 26, 27, 21, 15, 16, 17, 18]",0.8162,122.7408,0.0,0.0408,0,
1779886958.951828,10.0.0.83,10.0.0.51,"[26, 27, 21, 15, 16, 17, 18]",0.8164,108.0898,0.0,0.0377,1,
1779886958.9579995,10.0.0.83,10.0.0.51,"[27, 21, 15, 16, 17, 18]",2.5119,96.4953,0.0,0.0474,1,
1779886958.9737546,10.0.0.83,10.0.0.51,"[21, 15, 16, 17, 18]",2.5119,76.4363,0.0,0.0377,1,
1779886958.9769182,10.0.0.83,10.0.0.51,"[15, 16, 17, 18]",2.5119,56.1483,0.0,0.0513,1,
1779886958.9819846,10.0.0.83,10.0.0.51,"[16, 17, 18]",2.5119,37.6358,0.0,0.0439,1,
1779886958.9848142,10.0.0.83,10.0.0.51,"[17, 18]",2.5119,17.9708,0.0,0.026,1,
1779886958.9898489,10.0.0.51,10.0.0.83,"[18, 24, 23, 29, 28, 27, 26, 25]",10.1109,104.673,0.0,0.0789,0,
1779886958.9923363,10.0.0.51,10.0.0.83,"[24, 23, 29, 28, 27, 26, 25]",10.1109,85.2877,0.0,0.0324,1,
1779886958.9972754,10.0.0.51,10.0.0.83,"[23, 29, 28, 27, 26, 25]",14.826,66.7563,0.0,0.0362,1,
1779886959.0018106,10.0.0.51,10.0.0.83,"[29, 28, 27, 26, 25]",14.826,49.0544,0.0,0.0315,1,
1779886959.0134232,10.0.0.51,10.0.0.83,"[28, 27, 26, 25]",14.826,37.6106,0.0,0.0288,1,
1779886959.015909,10.0.0.24,10.0.0.98,"[7, 8, 15, 22, 23, 30]",7.8032,81.3906,0.0,0.0365,1,
1779886959.017365,10.0.0.51,10.0.0.83,"[27, 26, 25]",14.826,26.2455,0.0,0.0203,1,
1779886959.0231705,10.0.0.51,10.0.0.83,"[26, 25]",14.826,15.9409,0.0,0.0353,1,
1779886959.0254111,10.0.0.24,10.0.0.98,"[8, 15, 22, 23, 30]",10.0592,67.0613,0.0,0.0291,1,
1779886960.2021635,10.0.0.3,10.0.0.53,"[15, 16, 17, 18]",3.4198,59.7879,0.0,0.03,1,
1779886960.206371,10.0.0.3,10.0.0.53,"[16, 17, 18]",3.4198,39.5955,0.0,0.0315,1,
1779886960.2098274,10.0.0.3,10.0.0.53,"[17, 18]",3.4198,19.0471,0.0,0.0281,1,
1779886960.214966,10.0.0.53,10.0.0.3,"[18, 17, 16, 15, 8, 1]",7.2393,79.9493,0.0,0.0653,0,
1779886960.217075,10.0.0.53,10.0.0.3,"[17, 16, 15, 8, 1]",7.2454,60.8988,0.0,0.0265,1,
1779886960.2202897,10.0.0.53,10.0.0.3,"[16, 15, 8, 1]",7.2454,40.798,0.0,0.1359,1,
1779886960.2247744,10.0.0.53,10.0.0.3,"[15, 8, 1]",14.9962,23.6979,0.0,0.0281,1,
1779886960.2275963,10.0.0.53,10.0.0.3,"[8, 1]",14.9962,9.4699,0.0,0.0253,1,
1779886960.9521282,10.0.0.62,10.0.0.55,"[19, 13, 14, 15, 16, 17, 18]",3.4198,99.954,0.0,0.0424,0,
1779886961.042878,10.0.0.62,10.0.0.55,"[13, 14, 15, 16, 17, 18]",3.4198,86.9956,0.0,0.0408,1,
1779886961.0469627,10.0.0.62,10.0.0.55,"[14, 15, 16, 17, 18]",3.4198,73.6414,0.0,0.0558,1,
1779886961.0509074,10.0.0.62,10.0.0.55,"[15, 16, 17, 18]",3.4198,59.7879,0.0,0.0303,1,
1779886961.0535288,10.0.0.62,10.0.0.55,"[16, 17, 18]",3.4198,39.5955,0.0,0.0219,1,
1779886961.0578492,10.0.0.62,10.0.0.55,"[17, 18]",3.4198,19.0471,0.0,0.0255,1,
1779886961.0643597,10.0.0.55,10.0.0.62,"[18, 17, 16, 15, 14, 13, 19]",2.3265,95.5653,0.0,0.0401,0,
1779886961.0671396,10.0.0.55,10.0.0.62,"[17, 16, 15, 14, 13, 19]",2.3265,76.5149,0.0,0.035,1,
1779886961.0690434,10.0.0.55,10.0.0.62,"[16, 15, 14, 13, 19]",2.3265,56.414,0.0,0.0217,1,
1779886961.0712638,10.0.0.55,10.0.0.62,"[15, 14, 13, 19]",2.3265,39.314,0.0,0.0196,1,
1779886961.0785317,10.0.0.55,10.0.0.62,"[14, 13, 19]",2.3755,26.3776,0.0,0.0713,1,
1779886961.08111,10.0.0.55,10.0.0.62,"[13, 19]",5.1058,12.1063,0.0,0.0212,1,
1779886961.567411,10.0.0.98,10.0.0.24,"[30, 23, 22, 21, 14, 7]",10.1441,88.5405,0.0,0.0558,1,
1779886961.572992,10.0.0.98,10.0.0.24,"[23, 22, 21, 14, 7]",10.1441,67.2324,0.0,0.0319,1,
1779886961.5755231,10.0.0.98,10.0.0.24,"[22, 15, 14, 7]",2.3265,41.6823,0.0,0.0212,1,
1779886961.5966308,10.0.0.98,10.0.0.24,"[15, 14, 7]",2.3265,26.2476,0.0,0.0269,1,
1779886961.6013327,10.0.0.98,10.0.0.24,"[14, 7]",15.0,13.3112,0.0,0.0241,1,
1779886963.9581852,10.0.0.9,10.0.0.44,"[1, 7, 13]",12.9479,28.1581,0.0,0.0279,0,
1779886963.9619305,10.0.0.9,10.0.0.44,"[7, 13]",12.9479,17.0314,0.0,0.0222,1,
1779886963.968986,10.0.0.44,10.0.0.9,"[13, 7, 1]",10.4703,28.3743,0.0,0.0803,0,
1779886963.9738183,10.0.0.44,10.0.0.9,"[7, 1]",12.4476,13.4542,0.0,0.1023,1,
1779886963.9785118,10.0.0.44,10.0.0.9,"[7, 1]",12.4476,13.4542,0.0,0.0205,0,
1779886963.978933,10.0.0.44,10.0.0.9,"[7, 1]",12.4476,13.4542,0.0,0.0131,0,
1779886966.96336,10.0.0.10,10.0.0.31,"[1, 2, 3, 4, 5, 12]",3.1227,87.1961,0.0,0.0353,0,
1779886966.967045,10.0.0.10,10.0.0.31,"[2, 3, 4, 5, 12]",3.1227,71.841,0.0,0.0305,1,
1779886966.9697247,10.0.0.10,10.0.0.31,"[3, 4, 11, 12]",3.1372,54.848,0.0,0.1044,1,
1779886966.9725459,10.0.0.10,10.0.0.31,"[4, 5, 12]",3.1227,42.3808,0.0,0.0288,1,
1779886966.975334,10.0.0.10,10.0.0.31,"[5, 12]",14.9998,20.7171,0.0,0.0226,1,
1779886966.9823,10.0.0.31,10.0.0.10,"[12, 11, 4, 3, 2, 1]",15.0,81.0169,0.0,0.0477,0,
1779886966.9860919,10.0.0.31,10.0.0.10,"[11, 10, 9, 8, 1]",14.9876,60.6599,0.0,0.0372,1,
1779886966.9893324,10.0.0.31,10.0.0.10,"[10, 9, 8, 1]",14.9876,45.3015,0.0,0.0315,1,
1779886966.9931633,10.0.0.31,10.0.0.10,"[9, 8, 1]",14.9878,26.4927,0.0,0.0277,1,
1779886966.9949632,10.0.0.31,10.0.0.10,"[8, 1]",14.9962,10.796,0.0,0.0196,1,
1779886967.9703948,10.0.0.35,10.0.0.87,"[12, 18, 24, 23, 29, 28, 27, 26, 25]",7.1088,136.7379,0.0,0.1185,0,
1779886967.9762456,10.0.0.35,10.0.0.87,"[18, 24, 23, 29, 28, 27, 26, 25]",10.0496,116.212,0.0,0.056,1,
1779886967.9792356,10.0.0.35,10.0.0.87,"[24, 23, 29, 28, 27, 26, 25]",10.0496,94.7099,0.0,0.0374,1,
1779886967.9833872,10.0.0.35,10.0.0.87,"[23, 29, 28, 27, 26, 25]",14.8134,77.29,0.0,0.1674,1,
1779886967.9885042,10.0.0.35,10.0.0.87,"[29, 28, 27, 26, 25]",14.8134,56.521,0.0,0.0455,1,
1779886967.9939373,10.0.0.35,10.0.0.87,"[28, 27, 26, 25]",14.8134,43.4741,0.0,0.0854,1,
1779886967.9994836,10.0.0.35,10.0.0.87,"[27, 26, 25]",14.8134,28.4214,0.0,0.0353,1,
1779886968.0031726,10.0.0.35,10.0.0.87,"[26, 25]",14.8141,15.5867,0.0,0.0286,1,
1779886968.008584,10.0.0.87,10.0.0.35,"[25, 26, 27, 21, 15, 16, 17, 18, 12]",0.3126,142.9742,0.0,0.0472,0,
1779886968.01698,10.0.0.87,10.0.0.35,"[26, 27, 21, 15, 16, 17, 18, 12]",0.3126,129.3457,0.0,0.0684,1,
1779886968.0204854,10.0.0.87,10.0.0.35,"[27, 28, 29, 23, 17, 18, 12]",2.8129,102.7095,0.0,0.0949,1,
1779886968.0271688,10.0.0.87,10.0.0.35,"[28, 29, 23, 17, 18, 12]",2.8129,89.7548,0.0,0.0491,1,
1779886968.030607,10.0.0.87,10.0.0.35,"[29, 23, 17, 18, 12]",2.8129,74.6099,0.0,0.0367,1,
1779886968.034366,10.0.0.87,10.0.0.35,"[23, 17, 18, 12]",2.8129,57.694,0.0,0.0308,1,
1779886968.0401754,10.0.0.87,10.0.0.35,"[17, 18, 12]",2.8129,37.6313,0.0,0.0322,1,
1779886968.0453517,10.0.0.87,10.0.0.35,"[18, 12]",5.0697,17.3395,0.0,0.0296,1,
1779886969.9765902,10.0.0.52,10.0.0.13,"[18, 12, 6]",5.1166,24.5953,0.0,0.0255,0,
1779886969.986063,10.0.0.52,10.0.0.13,"[12, 6]",15.0,10.6028,0.0,0.0284,1,
1779886969.9917166,10.0.0.13,10.0.0.52,"[6, 12, 18]",6.756,27.1488,0.0,0.0267,0,
1779886969.9980772,10.0.0.13,10.0.0.52,"[12, 18]",6.756,14.0982,0.0,0.0436,1,
1779886974.9837036,10.0.0.37,10.0.0.95,"[12, 18, 24, 30]",5.3123,44.023,0.0,0.0327,0,
1779886975.0001698,10.0.0.37,10.0.0.95,"[18, 24, 30]",9.269,32.391,0.0,0.0255,1,
1779886975.0026157,10.0.0.37,10.0.0.95,"[24, 30]",14.9998,16.1908,0.0,0.0198,1,
1779886975.0075262,10.0.0.95,10.0.0.37,"[30, 24, 18, 12]",5.1491,43.2588,0.0,0.035,0,
1779886975.0107222,10.0.0.95,10.0.0.37,"[24, 18, 12]",5.1491,28.3978,0.0,0.0243,1,
1779886975.0148542,10.0.0.95,10.0.0.37,"[18, 12]",5.1491,14.8135,0.0,0.0238,1,
1779886976.990172,10.0.0.86,10.0.0.24,"[25, 19, 13, 7]",5.0434,38.3397,0.0,0.03,0,
1779886976.9940727,10.0.0.86,10.0.0.24,"[19, 13, 7]",5.0434,21.9321,0.0,0.0255,1,
1779886977.1049273,10.0.0.86,10.0.0.24,"[13, 7]",10.4258,9.8336,0.0,0.0241,1,
1779886977.1129758,10.0.0.24,10.0.0.86,"[7, 13, 19, 25]",5.3084,30.7453,0.0,0.0296,0,
1779886977.1273434,10.0.0.24,10.0.0.86,"[13, 19, 25]",8.9773,23.0133,0.0,0.0291,1,
1779886977.1308653,10.0.0.24,10.0.0.86,"[19, 25]",12.951,13.7326,0.0,0.0281,1,
1779886978.9953618,10.0.0.11,10.0.0.46,"[6, 5, 11, 10, 16, 15, 14, 13]",7.0538,95.4777,0.0,0.0429,0,
1779886978.998558,10.0.0.11,10.0.0.46,"[5, 11, 10, 16, 15, 14, 13]",7.0538,79.6109,0.0,0.0367,1,
1779886979.0019853,10.0.0.11,10.0.0.46,"[11, 10, 16, 15, 14, 13]",7.0538,62.3489,0.0,0.0403,1,
1779886979.0070457,10.0.0.11,10.0.0.46,"[10, 16, 15, 14, 13]",7.0538,48.8197,0.0,0.0887,1,
1779886979.008708,10.0.0.11,10.0.0.46,"[16, 15, 14, 13]",7.0538,35.1835,0.0,0.0212,1,
1779886979.0134792,10.0.0.11,10.0.0.46,"[15, 14, 13]",7.0538,21.2361,0.0,0.0637,1,
1779886979.020262,10.0.0.11,10.0.0.46,"[14, 13]",7.0538,11.6445,0.0,0.0246,1,
1779886979.0246544,10.0.0.46,10.0.0.11,"[13, 7, 1, 2, 3, 4, 5, 6]",2.6051,85.9897,0.0,0.0391,0,
1779886979.0264444,10.0.0.46,10.0.0.11,"[7, 1, 2, 3, 4, 5, 6]",2.6051,73.3382,0.0,0.1328,1,
1779886979.0329206,10.0.0.46,10.0.0.11,"[1, 2, 3, 4, 5, 6]",2.6051,63.3416,0.0,0.0353,1,
1779886979.03452,10.0.0.46,10.0.0.11,"[2, 3, 4, 5, 6]",2.6051,49.4083,0.0,0.0234,1,
1779886979.0370004,10.0.0.46,10.0.0.11,"[3, 4, 5, 6]",2.6051,37.3904,0.0,0.0205,1,
1779886979.039541,10.0.0.46,10.0.0.11,"[4, 5, 6]",2.6512,25.7835,0.0,0.0298,1,
1779886979.0452275,10.0.0.46,10.0.0.11,"[5, 6]",3.15,12.2973,0.0,0.0525,1,
1779886981.0229514,10.0.0.97,10.0.0.21,"[30, 23, 22, 21, 14, 7]",10.591,70.599,0.0,0.0336,1,
1779886981.0278633,10.0.0.97,10.0.0.21,"[23, 22, 21, 14, 7]",10.591,55.5975,0.0,0.0451,1,
1779886981.0317957,10.0.0.97,10.0.0.21,"[22, 15, 14, 7]",3.3744,31.0006,0.0,0.0293,1,
1779886981.0343022,10.0.0.97,10.0.0.21,"[15, 14, 7]",3.3744,19.2488,0.0,0.0243,1,
1779886981.051165,10.0.0.97,10.0.0.21,"[14, 7]",14.9998,10.7917,0.0,0.0212,1,
1779886982.0002925,10.0.0.12,10.0.0.49,"[6, 5, 11, 10, 16, 15, 14, 13]",3.3744,80.8513,0.0,0.0415,0,
1779886982.005469,10.0.0.12,10.0.0.49,"[5, 11, 10, 16, 15, 14, 13]",3.3744,68.9849,0.0,0.0408,1,
1779886982.0127454,10.0.0.12,10.0.0.49,"[11, 10, 16, 15, 14, 13]",3.3744,53.224,0.0,0.0381,1,
1779886982.0172791,10.0.0.12,10.0.0.49,"[10, 16, 15, 14, 13]",3.3744,41.4759,0.0,0.0658,1,
1779886982.0190957,10.0.0.12,10.0.0.49,"[16, 15, 14, 13]",3.3744,30.0572,0.0,0.025,1,
1779886982.0225182,10.0.0.12,10.0.0.49,"[15, 14, 13]",3.3744,18.0544,0.0,0.0269,1,
1779886982.0432816,10.0.0.12,10.0.0.49,"[14, 13]",3.3856,9.5973,0.0,0.0663,1,
1779886982.0499072,10.0.0.49,10.0.0.12,"[13, 7, 1, 2, 3, 4, 5, 6]",2.7769,79.281,0.0,0.0417,0,
1779886982.0535502,10.0.0.49,10.0.0.12,"[7, 1, 2, 3, 4, 5, 6]",2.7769,66.1323,0.0,0.0348,1,
1779886982.0582147,10.0.0.49,10.0.0.12,"[1, 2, 3, 4, 5, 6]",2.7769,56.1336,0.0,0.0472,1,
1779886982.0599883,10.0.0.49,10.0.0.12,"[2, 3, 4, 5, 6]",2.7769,44.1853,0.0,0.0238,1,
1779886982.06191,10.0.0.49,10.0.0.12,"[3, 4, 5, 6]",2.7769,33.0861,0.0,0.0193,1,
1779886982.0640614,10.0.0.49,10.0.0.12,"[4, 5, 6]",2.7769,22.5519,0.0,0.0172,1,
1779886982.065967,10.0.0.49,10.0.0.12,"[5, 6]",3.2986,10.1217,0.0,0.0167,1,
1779886983.0053558,10.0.0.13,10.0.0.28,"[6, 5, 4, 3, 2, 1, 7]",7.3109,69.4687,0.0,0.037,0,
1779886983.0095925,10.0.0.13,10.0.0.28,"[5, 4, 3, 2, 1, 7]",7.3109,57.6024,0.0,0.0348,1,
1779886983.012123,10.0.0.13,10.0.0.28,"[4, 3, 2, 1, 7]",7.3109,43.5805,0.0,0.0265,1,
1779886983.015263,10.0.0.13,10.0.0.28,"[3, 2, 1, 7]",7.3109,33.7507,0.0,0.0391,1,
1779886983.0188494,10.0.0.13,10.0.0.28,"[2, 1, 7]",7.3109,21.9471,0.0,0.104,1,
1779886983.0212286,10.0.0.13,10.0.0.28,"[1, 7]",7.3109,10.8054,0.0,0.02,1,
1779886983.0461514,10.0.0.28,10.0.0.13,"[7, 1, 2, 3, 4, 5, 6]",2.7769,66.1323,0.0,0.1826,0,
1779886983.0534122,10.0.0.28,10.0.0.13,"[1, 2, 3, 4, 5, 6]",2.7769,56.1336,0.0,0.0582,1,
1779886983.0730383,10.0.0.28,10.0.0.13,"[2, 3, 4, 5, 6]",2.7769,44.1853,0.0,0.0546,1,
1779886983.0749164,10.0.0.24,10.0.0.98,"[7, 8, 15, 22, 23, 30]",7.768,63.1007,0.0,0.0596,1,
1779886983.076946,10.0.0.28,10.0.0.13,"[3, 4, 5, 6]",2.7769,33.0861,0.0,0.0298,1,
1779886983.0787282,10.0.0.28,10.0.0.13,"[4, 5, 6]",2.7769,22.5519,0.0,0.0284,1,
1779886983.0832298,10.0.0.24,10.0.0.98,"[8, 15, 22, 23, 30]",9.9991,52.8266,0.0,0.0737,1,
1779886983.0885239,10.0.0.28,10.0.0.13,"[5, 6]",3.2986,10.1217,0.0,0.0794,1,
1779886983.1028833,10.0.0.28,10.0.0.13,"[5, 6]",3.2986,10.1217,0.0,0.0267,0,
1779886983.104231,10.0.0.28,10.0.0.13,"[5, 6]",3.2986,10.1217,0.0,0.0226,0,
1779886983.2081535,10.0.0.24,10.0.0.98,"[15, 22, 23, 30]",13.3301,43.3998,0.0,0.0315,1,
1779886983.209703,10.0.0.24,10.0.0.98,"[22, 23, 30]",13.3336,30.3025,0.0,0.0191,1,
1779886983.2134008,10.0.0.24,10.0.0.98,"[23, 30]",13.4136,17.0439,0.0,0.0155,1,
1779886983.2228866,10.0.0.98,10.0.0.24,"[30, 23, 22, 21, 14, 7]",10.591,70.599,0.0,0.042,1,
1779886983.2253911,10.0.0.98,10.0.0.24,"[23, 22, 21, 14, 7]",10.591,55.5975,0.0,0.0272,1,
1779886983.2279785,10.0.0.98,10.0.0.24,"[22, 15, 14, 7]",3.3744,31.0006,0.0,0.0889,1,
1779886983.2378373,10.0.0.98,10.0.0.24,"[15, 14, 7]",3.3744,19.2488,0.0,0.0277,1,
1779886983.2437751,10.0.0.98,10.0.0.24,"[14, 7]",14.9998,10.7917,0.0,0.0274,1,
1779886985.0134585,10.0.0.14,10.0.0.47,"[6, 5, 11, 10, 16, 15, 14, 13]",0.5074,66.938,0.0,0.0405,0,
1779886985.0153666,10.0.0.14,10.0.0.47,"[5, 11, 10, 16, 15, 14, 13]",0.5074,58.408,0.0,0.0582,1,
1779886985.0200453,10.0.0.14,10.0.0.47,"[11, 10, 16, 15, 14, 13]",0.5074,45.4797,0.0,0.052,1,
1779886985.0233731,10.0.0.14,10.0.0.47,"[10, 16, 15, 14, 13]",0.5074,34.9756,0.0,0.0343,1,
1779886985.024767,10.0.0.14,10.0.0.47,"[16, 15, 14, 13]",0.5074,25.0502,0.0,0.0224,1,
1779886985.0328546,10.0.0.14,10.0.0.47,"[15, 14, 13]",0.5074,14.3528,0.0,0.0272,1,
1779886985.0470028,10.0.0.14,10.0.0.47,"[14, 13]",0.5154,7.3135,0.0,0.0272,1,
1779886985.0542781,10.0.0.47,10.0.0.14,"[13, 7, 1, 2, 3, 4, 5, 6]",2.7735,63.815,0.0,0.0405,0,
1779886985.0584898,10.0.0.47,10.0.0.14,"[7, 1, 2, 3, 4, 5, 6]",2.7735,54.0904,0.0,0.7207,1,
1779886985.0609643,10.0.0.47,10.0.0.14,"[1, 2, 3, 4, 5, 6]",2.7735,46.0097,0.0,0.035,1,
1779886985.062522,10.0.0.47,10.0.0.14,"[2, 3, 4, 5, 6]",2.7735,36.096,0.0,0.0224,1,
1779886985.0655425,10.0.0.47,10.0.0.14,"[3, 4, 5, 6]",2.7735,26.3757,0.0,0.0267,1,
1779886985.0679646,10.0.0.47,10.0.0.14,"[4, 5, 6]",2.7868,18.1631,0.0,0.025,1,
1779886985.0737545,10.0.0.47,10.0.0.14,"[5, 6]",3.3013,7.9399,0.0,0.0257,1,
1779886987.4224653,10.0.0.22,10.0.0.76,"[7, 8, 15, 22, 23, 24]",7.7225,46.9545,0.0,0.0386,1,
1779886987.4249492,10.0.0.22,10.0.0.76,"[8, 15, 22, 23, 24]",10.0001,39.9144,0.0,0.0255,1,
1779886987.5454233,10.0.0.22,10.0.0.76,"[15, 22, 23, 24]",12.3806,33.0643,0.0,0.0322,1,
1779886987.5480616,10.0.0.22,10.0.0.76,"[22, 23, 24]",12.3806,23.5896,0.0,0.0246,1,
1779886987.5518584,10.0.0.22,10.0.0.76,"[23, 24]",14.8999,13.8056,0.0,0.0279,1,
1779886987.5620053,10.0.0.76,10.0.0.22,"[24, 23, 22, 21, 14, 7]",5.7355,57.2145,0.0,0.0379,0,
1779886987.5694828,10.0.0.76,10.0.0.22,"[23, 22, 21, 14, 7]",10.4743,44.4739,0.0,0.0362,1,
1779886987.5711858,10.0.0.76,10.0.0.22,"[22, 15, 14, 7]",0.4209,21.9209,0.0,0.0222,1,
1779886987.575541,10.0.0.76,10.0.0.22,"[15, 14, 7]",0.4209,13.191,0.0,0.031,1,
1779886987.5899236,10.0.0.76,10.0.0.22,"[14, 7]",14.9984,7.3802,0.0,0.0637,1,
1779886990.021075,10.0.0.73,10.0.0.96,"[24, 30]",11.648,15.8505,0.0,0.0262,0,
1779886990.0264492,10.0.0.96,10.0.0.73,"[30, 24]",14.9252,16.0868,0.0,0.0231,0,
1779886991.0288696,10.0.0.75,10.0.0.89,"[24, 23, 29, 28, 27, 26, 25]",5.7338,49.1534,0.0,0.0436,0,
1779886991.039164,10.0.0.75,10.0.0.89,"[23, 29, 28, 27, 26, 25]",10.1176,35.9804,0.0,0.0372,1,
1779886991.047241,10.0.0.75,10.0.0.89,"[29, 28, 27, 26, 25]",10.1176,26.5417,0.0,0.0334,1,
1779886991.0535731,10.0.0.75,10.0.0.89,"[28, 27, 26, 25]",10.1176,20.2004,0.0,0.031,1,
1779886991.05787,10.0.0.75,10.0.0.89,"[27, 26, 25]",10.1176,14.8364,0.0,0.0424,1,
1779886991.0646365,10.0.0.75,10.0.0.89,"[26, 25]",10.1176,9.9479,0.0,0.0265,1,
1779886991.0698571,10.0.0.89,10.0.0.75,"[25, 26, 27, 28, 29, 23, 24]",0.5739,47.0118,0.0,0.0379,0,
1779886991.0765493,10.0.0.89,10.0.0.75,"[26, 27, 28, 29, 23, 24]",0.5739,37.3672,0.0,0.0362,1,
1779886991.0786111,10.0.0.89,10.0.0.75,"[27, 28, 29, 23, 24]",10.4653,32.1753,0.0,0.0288,1,
1779886991.0803776,10.0.0.89,10.0.0.75,"[28, 29, 30, 24]",10.4653,35.2901,0.0,0.0229,1,
1779886991.0812979,10.0.0.89,10.0.0.75,"[29, 23, 24]",10.4857,20.47,0.0,0.0122,1,
1779886991.0842907,10.0.0.89,10.0.0.75,"[23, 24]",14.8834,11.8231,0.0,0.0803,1,
1779887003.294718,10.0.0.4,10.0.0.94,"[1, 8, 15, 22, 23, 30]",9.9923,86.609,0.0,0.0341,1,
1779887003.3360229,10.0.0.4,10.0.0.94,"[8, 15, 22, 23, 30]",9.9947,71.5627,0.0,0.0305,1,
1779887003.4569273,10.0.0.4,10.0.0.94,"[15, 22, 23, 30]",11.0909,54.8945,0.0,0.0291,1,
1779887003.4584544,10.0.0.4,10.0.0.94,"[22, 23, 30]",11.0944,37.3673,0.0,0.0174,1,
1779887003.4644608,10.0.0.4,10.0.0.94,"[23, 30]",11.2728,22.7728,0.0,0.0296,1,
1779887003.4713297,10.0.0.94,10.0.0.4,"[30, 23, 22, 15, 8, 1]",10.2322,88.6979,0.0,0.0994,1,
1779887003.4815028,10.0.0.94,10.0.0.4,"[23, 22, 15, 8, 1]",10.2322,67.6579,0.0,0.0327,1,
1779887003.4864123,10.0.0.94,10.0.0.4,"[22, 15, 8, 1]",10.2436,51.3306,0.0,0.0305,1,
1779887003.4940732,10.0.0.94,10.0.0.4,"[15, 8, 1]",14.9963,31.7145,0.0,0.0699,1,
1779887003.4996605,10.0.0.94,10.0.0.4,"[8, 1]",14.9963,14.3232,0.0,0.0262,1,
1779887009.1871686,10.0.0.24,10.0.0.98,"[7, 8, 15, 22, 23, 30]",7.7836,91.0517,0.0,0.0634,1,
1779887009.192069,10.0.0.24,10.0.0.98,"[8, 15, 22, 23, 30]",9.998,71.3065,0.0,0.0272,1,
1779887023.7747772,10.0.0.76,10.0.0.22,"[24, 23, 22, 21, 14, 7]",3.1949,95.2201,0.0,0.0429,1,
1779887023.780872,10.0.0.76,10.0.0.22,"[23, 22, 21, 14, 7]",10.1252,75.2525,0.0,0.1493,1,
1779887023.7840679,10.0.0.76,10.0.0.22,"[22, 15, 14, 7]",0.3007,46.8631,0.0,0.0226,1,
1779887023.7910893,10.0.0.76,10.0.0.22,"[15, 14, 7]",0.3007,28.8172,0.0,0.0246,1,
1779887023.799924,10.0.0.76,10.0.0.22,"[14, 7]",15.0,14.1589,0.0,0.0246,1,
1779887023.8048887,10.0.0.22,10.0.0.76,"[7, 8, 15, 22, 23, 24]",7.7793,95.142,0.0,0.0341,1,
1779887023.80695,10.0.0.22,10.0.0.76,"[8, 15, 22, 23, 24]",9.9816,77.3565,0.0,0.0248,1,
1779887023.929307,10.0.0.22,10.0.0.76,"[15, 22, 23, 24]",11.294,58.0229,0.0,0.0548,1,
1779887023.9321377,10.0.0.22,10.0.0.76,"[22, 23, 24]",11.2991,38.317,0.0,0.0222,1,
1779887023.9356616,10.0.0.22,10.0.0.76,"[23, 24]",14.8228,20.9207,0.0,0.0298,1,
1779887032.2228749,10.0.0.97,10.0.0.21,"[30, 23, 22, 21, 14, 7]",10.1585,76.4906,0.0,0.0999,1,
1779887032.2257817,10.0.0.97,10.0.0.21,"[23, 22, 21, 14, 7]",10.1585,62.0182,0.0,0.0281,1,
1779887032.2270734,10.0.0.24,10.0.0.98,"[7, 8, 15, 22, 23, 30]",7.7562,71.498,0.0,0.0267,1,
1779887032.2279391,10.0.0.97,10.0.0.21,"[22, 15, 14, 7]",0.301,37.9604,0.0,0.0155,1,
1779887032.2288134,10.0.0.24,10.0.0.98,"[8, 15, 22, 23, 30]",9.9943,60.0205,0.0,0.0165,1,
1779887032.2371993,10.0.0.97,10.0.0.21,"[15, 14, 7]",0.301,24.9424,0.0,0.0291,1,
1779887032.2505612,10.0.0.97,10.0.0.21,"[14, 7]",14.9993,13.3719,0.0,0.0265,1,
1779887034.9655118,10.0.0.4,10.0.0.94,"[15, 22, 23, 30]",11.9798,36.9586,0.0,0.0288,1,
1779887034.9671574,10.0.0.4,10.0.0.94,"[22, 23, 30]",11.9798,23.9797,0.0,0.0248,1,
1779887034.96922,10.0.0.4,10.0.0.94,"[23, 30]",12.098,12.7977,0.0,0.016,1,
1779887035.1789641,10.0.0.94,10.0.0.4,"[30, 23, 22, 15, 8, 1]",10.1746,57.9558,0.0,0.0355,1,
1779887035.181457,10.0.0.94,10.0.0.4,"[23, 22, 15, 8, 1]",10.1746,42.6656,0.0,0.0279,1,
1779887035.1826882,10.0.0.94,10.0.0.4,"[22, 15, 8, 1]",10.1746,29.6856,0.0,0.0172,1,
1779887035.1899965,10.0.0.94,10.0.0.4,"[15, 8, 1]",15.0,18.5047,0.0,0.0305,1,
1779887035.1925955,10.0.0.94,10.0.0.4,"[8, 1]",15.0,7.1294,0.0,0.0205,1,
1779887051.541492,10.0.0.22,10.0.0.76,"[15, 22, 23, 24]",12.8534,36.0201,0.0,0.0434,1,
1779887051.5434647,10.0.0.22,10.0.0.76,"[22, 23, 24]",12.8534,24.532,0.0,0.0267,1,
1779887051.546898,10.0.0.22,10.0.0.76,"[23, 24]",14.8835,13.1668,0.0,0.5076,1,
1779887051.55191,10.0.0.76,10.0.0.22,"[24, 23, 22, 21, 14, 7]",3.2352,60.9541,0.0,0.0448,1,
1779887051.556368,10.0.0.76,10.0.0.22,"[23, 22, 21, 14, 7]",10.1369,48.8359,0.0,0.077,1,
1779887051.5667555,10.0.0.76,10.0.0.22,"[22, 15, 14, 7]",0.3215,28.0849,0.0,0.1314,1,
1779887051.5786238,10.0.0.76,10.0.0.22,"[15, 14, 7]",0.3215,17.6003,0.0,0.0479,1,
1779887051.587426,10.0.0.76,10.0.0.22,"[14, 7]",14.9998,9.6538,0.0,0.0269,1,
1779887059.4613938,10.0.0.4,10.0.0.94,"[8, 15, 22, 23, 30]",10.0272,41.734,0.0,0.1104,1,
1779887059.5817275,10.0.0.4,10.0.0.94,"[15, 22, 23, 30]",12.8603,34.3297,0.0,0.0279,1,
1779887059.585623,10.0.0.4,10.0.0.94,"[22, 23, 30]",12.8603,22.9427,0.0,0.0234,1,
1779887059.5878828,10.0.0.4,10.0.0.94,"[23, 30]",12.9773,12.4382,0.0,0.0172,1,
1779887059.5941603,10.0.0.94,10.0.0.4,"[30, 23, 22, 15, 8, 1]",10.1659,56.4655,0.0,0.0343,1,
1779887059.5979345,10.0.0.94,10.0.0.4,"[23, 22, 15, 8, 1]",10.1659,41.6389,0.0,0.0319,1,
1779887059.6005607,10.0.0.94,10.0.0.4,"[22, 15, 8, 1]",10.1659,29.5948,0.0,0.0238,1,
1779887059.6120656,10.0.0.94,10.0.0.4,"[15, 8, 1]",14.9998,19.7474,0.0,0.0298,1,
1779887059.614355,10.0.0.94,10.0.0.4,"[8, 1]",14.9998,9.1643,0.0,0.0193,1,
1779887064.0902748,10.0.0.22,10.0.0.76,"[15, 22, 23, 24]",12.5089,43.4283,0.0,0.0777,1,
1779887064.0938838,10.0.0.22,10.0.0.76,"[22, 23, 24]",12.5119,28.3384,0.0,0.026,1,
1779887064.0964036,10.0.0.22,10.0.0.76,"[23, 24]",14.8709,15.8113,0.0,0.0186,1,
1779887064.100992,10.0.0.76,10.0.0.22,"[24, 23, 22, 21, 14, 7]",3.1843,69.5726,0.0,0.0362,1,
1779887064.103994,10.0.0.76,10.0.0.22,"[23, 22, 21, 14, 7]",10.1236,55.6666,0.0,0.0279,1,
1779887064.1067715,10.0.0.76,10.0.0.22,"[22, 15, 14, 7]",0.304,35.293,0.0,0.0343,1,
1779887064.1168869,10.0.0.76,10.0.0.22,"[15, 14, 7]",0.304,22.8158,0.0,0.0253,1,
1779887064.12176,10.0.0.76,10.0.0.22,"[14, 7]",14.9998,12.1229,0.0,0.0231,1,
1779887079.3269503,10.0.0.24,10.0.0.98,"[7, 8, 15, 22, 23, 30]",7.7882,76.1466,0.0,0.0377,1,
1779887079.331302,10.0.0.24,10.0.0.98,"[8, 15, 22, 23, 30]",10.0252,61.4058,0.0,0.0315,1,
1779887091.6156704,10.0.0.22,10.0.0.76,"[7, 8, 15, 22, 23, 24]",7.7995,77.5576,0.0,0.0446,1,
1779887091.6191485,10.0.0.22,10.0.0.76,"[8, 15, 22, 23, 24]",10.0011,62.9081,0.0,0.0341,1,
1779887097.4141142,10.0.0.4,10.0.0.94,"[15, 22, 23, 30]",13.0269,38.991,0.0,0.0534,1,
1779887097.4166942,10.0.0.4,10.0.0.94,"[22, 23, 30]",13.0331,26.7652,0.0,0.0293,1,
1779887097.4246626,10.0.0.4,10.0.0.94,"[23, 30]",13.1378,14.8978,0.0,0.0899,1,
1779887097.4334757,10.0.0.94,10.0.0.4,"[30, 23, 22, 15, 8, 1]",10.1117,59.4559,0.0,0.0503,1,
1779887097.4372506,10.0.0.94,10.0.0.4,"[23, 22, 15, 8, 1]",10.1117,44.7638,0.0,0.0391,1,
1779887097.4407244,10.0.0.94,10.0.0.4,"[22, 15, 8, 1]",10.1119,32.6907,0.0,0.0288,1,
1779887097.448851,10.0.0.94,10.0.0.4,"[15, 8, 1]",15.0,20.9897,0.0,0.0279,1,
1779887097.4532936,10.0.0.94,10.0.0.4,"[8, 1]",15.0,10.4093,0.0,0.0243,1,
1779887114.1470044,10.0.0.22,10.0.0.76,"[7, 8, 15, 22, 23, 24]",7.8303,48.7586,0.0,0.0422,1,
1779887114.1500797,10.0.0.22,10.0.0.76,"[8, 15, 22, 23, 24]",9.9998,43.2725,0.0,0.1261,1,
1779887117.91477,10.0.0.2,10.0.0.72,"[15, 22, 23, 24]",11.7331,47.6849,0.0,0.0277,1,
1779887117.9173589,10.0.0.2,10.0.0.72,"[22, 23, 24]",11.7331,34.987,0.0,0.0205,1,
1779887117.9198928,10.0.0.2,10.0.0.72,"[23, 24]",14.8912,18.251,0.0,0.0165,1,
1779887117.9251552,10.0.0.72,10.0.0.2,"[24, 23, 22, 15, 8, 1]",3.2916,61.4668,0.0,0.0346,1,
1779887117.9274616,10.0.0.72,10.0.0.2,"[23, 22, 15, 8, 1]",10.1091,43.8153,0.0,0.0265,1,
1779887117.9303832,10.0.0.72,10.0.0.2,"[22, 15, 8, 1]",10.1212,27.619,0.0,0.0288,1,
1779887117.9397638,10.0.0.72,10.0.0.2,"[15, 8, 1]",14.9977,14.3815,0.0,0.025,1,
1779887117.9434597,10.0.0.72,10.0.0.2,"[8, 1]",14.9977,4.5278,0.0,0.0277,1,
1779887130.2440102,10.0.0.2,10.0.0.72,"[15, 22, 23, 24]",13.2283,46.8402,0.0,0.0315,1,
1779887130.2471926,10.0.0.2,10.0.0.72,"[22, 23, 24]",13.2337,31.9051,0.0,0.0229,1,
1779887130.2501073,10.0.0.2,10.0.0.72,"[23, 24]",14.891,16.8086,0.0,0.0217,1,
1779887130.257137,10.0.0.72,10.0.0.2,"[24, 23, 22, 15, 8, 1]",3.3274,68.8421,0.0,0.036,1,
1779887130.2639723,10.0.0.72,10.0.0.2,"[23, 22, 15, 8, 1]",10.1,53.1259,0.0,0.0331,1,
1779887130.266915,10.0.0.72,10.0.0.2,"[22, 15, 8, 1]",10.1105,36.937,0.0,0.0315,1,
1779887130.2734823,10.0.0.72,10.0.0.2,"[15, 8, 1]",15.0,22.335,0.0,0.0255,1,
1779887130.275804,10.0.0.72,10.0.0.2,"[8, 1]",15.0,10.8872,0.0,0.0181,1,
1779887142.3064086,10.0.0.4,10.0.0.94,"[1, 8, 15, 22, 23, 30]",9.9809,57.286,0.0,0.0477,1,
1779887142.3691523,10.0.0.4,10.0.0.94,"[8, 15, 22, 23, 30]",9.9809,47.2725,0.0,0.03,1,
1779887142.4905436,10.0.0.4,10.0.0.94,"[15, 22, 23, 30]",11.2804,36.5892,0.0,0.0291,1,
1779887142.4945328,10.0.0.4,10.0.0.94,"[22, 23, 30]",11.2954,25.7076,0.0,0.0229,1,
1779887142.496557,10.0.0.4,10.0.0.94,"[23, 30]",11.4213,14.7328,0.0,0.015,1,
1779887142.5015755,10.0.0.94,10.0.0.4,"[30, 23, 22, 15, 8, 1]",10.0939,53.5886,0.0,0.0336,1,
1779887142.5037072,10.0.0.94,10.0.0.4,"[23, 22, 15, 8, 1]",10.0939,39.7848,0.0,0.0269,1,
1779887142.505424,10.0.0.94,10.0.0.4,"[22, 15, 8, 1]",10.1085,27.881,0.0,0.1092,1,
1779887142.5105965,10.0.0.94,10.0.0.4,"[15, 8, 1]",14.9983,18.0317,0.0,0.0229,1,
1779887142.5131395,10.0.0.94,10.0.0.4,"[8, 1]",14.9984,8.842,0.0,0.0224,1,
1779887153.5922174,10.0.0.6,10.0.0.56,"[1, 8, 15, 16, 17, 18]",2.3845,46.7717,0.0,0.0725,0,
1779887153.6934764,10.0.0.6,10.0.0.56,"[8, 15, 16, 17, 18]",2.3845,41.5143,0.0,0.0346,1,
1779887159.2025425,10.0.0.22,10.0.0.76,"[7, 8, 15, 22, 23, 24]",7.8227,56.5992,0.0,0.0379,1,
1779887159.2047582,10.0.0.22,10.0.0.76,"[8, 15, 22, 23, 24]",10.0153,47.2311,0.0,0.0281,1,
1779887160.9415114,10.0.0.6,10.0.0.56,"[15, 16, 17, 18]",1.8818,47.8684,0.0,0.0291,1,
1779887160.9430044,10.0.0.6,10.0.0.56,"[16, 17, 18]",1.8818,32.7463,0.0,0.0212,1,
1779887160.9451323,10.0.0.6,10.0.0.56,"[17, 18]",1.8818,17.425,0.0,0.0207,1,
1779887160.9503977,10.0.0.56,10.0.0.6,"[18, 17, 16, 15, 8, 1]",5.1929,65.3088,0.0,0.0372,0,
1779887160.9534023,10.0.0.56,10.0.0.6,"[17, 16, 15, 8, 1]",5.1929,50.2363,0.0,0.0455,1,
1779887160.9559734,10.0.0.56,10.0.0.6,"[16, 15, 8, 1]",5.1929,32.5625,0.0,0.3898,1,
1779887160.9595299,10.0.0.56,10.0.0.6,"[15, 8, 1]",14.9998,19.4864,0.0,0.026,1,
1779887160.9620485,10.0.0.56,10.0.0.6,"[8, 1]",15.0,9.1774,0.0,0.0217,1,
1779887164.9713452,10.0.0.4,10.0.0.94,"[15, 22, 23, 30]",12.0165,33.5773,0.0,0.03,1,
1779887164.9742887,10.0.0.4,10.0.0.94,"[22, 23, 30]",12.0165,23.8895,0.0,0.0238,1,
1779887164.9765973,10.0.0.4,10.0.0.94,"[23, 30]",12.1249,12.2961,0.0,0.0179,1,
1779887164.9807494,10.0.0.94,10.0.0.4,"[30, 23, 22, 15, 8, 1]",10.113,52.3854,0.0,0.0305,1,
1779887164.9838817,10.0.0.94,10.0.0.4,"[23, 22, 15, 8, 1]",10.113,38.7409,0.0,0.0303,1,
1779887164.9868283,10.0.0.94,10.0.0.4,"[22, 15, 8, 1]",10.1207,28.4959,0.0,0.0279,1,
1779887164.9937587,10.0.0.94,10.0.0.4,"[15, 8, 1]",14.9989,16.8064,0.0,0.0288,1,
1779887164.99623,10.0.0.94,10.0.0.4,"[8, 1]",14.9989,6.5882,0.0,0.0193,1,
1779887171.4868233,10.0.0.24,10.0.0.98,"[7, 8, 15, 22, 23, 30]",7.8306,61.3245,0.0,0.037,1,
1779887171.4899783,10.0.0.24,10.0.0.98,"[8, 15, 22, 23, 30]",10.0274,49.7897,0.0,0.0298,1,
1779887173.5387743,10.0.0.2,10.0.0.72,"[1, 8, 15, 22, 23, 24]",9.9924,73.3766,0.0,0.0403,1,
1779887173.6445522,10.0.0.2,10.0.0.72,"[8, 15, 22, 23, 24]",9.9924,61.4128,0.0,0.0331,1,
1779887173.758379,10.0.0.2,10.0.0.72,"[15, 22, 23, 24]",11.9605,48.1326,0.0,0.0277,1,
1779887173.760046,10.0.0.2,10.0.0.72,"[22, 23, 24]",11.9605,32.9085,0.0,0.0217,1,
1779887173.762672,10.0.0.2,10.0.0.72,"[23, 24]",14.8914,16.5739,0.0,0.0176,1,
1779887173.766245,10.0.0.72,10.0.0.2,"[24, 23, 22, 15, 8, 1]",3.4654,72.4694,0.0,0.0336,1,
1779887173.769257,10.0.0.72,10.0.0.2,"[23, 22, 15, 8, 1]",10.1047,56.8027,0.0,0.0274,1,
1779887173.772151,10.0.0.72,10.0.0.2,"[22, 15, 8, 1]",10.1047,40.346,0.0,0.0262,1,
1779887173.7769709,10.0.0.72,10.0.0.2,"[15, 8, 1]",14.9996,25.244,0.0,0.0978,1,
1779887173.779197,10.0.0.72,10.0.0.2,"[8, 1]",14.9998,11.1021,0.0,0.021,1,
1779887182.4275324,10.0.0.56,10.0.0.6,"[18, 17, 16, 15, 8, 1]",5.2322,62.0636,0.0,0.0331,1,
1779887182.4301767,10.0.0.56,10.0.0.6,"[17, 16, 15, 8, 1]",5.2322,46.7953,0.0,0.0277,1,
1779887182.4326253,10.0.0.56,10.0.0.6,"[16, 15, 8, 1]",5.2322,30.7173,0.0,0.0246,1,
1779887182.4350717,10.0.0.56,10.0.0.6,"[15, 8, 1]",14.9991,16.8624,0.0,0.0217,1,
1779887182.4373386,10.0.0.56,10.0.0.6,"[8, 1]",14.9991,6.4359,0.0,0.0191,1,
1779887200.6743352,10.0.0.2,10.0.0.72,"[1, 8, 15, 22, 23, 24]",9.9863,66.5296,0.0,0.1597,1,
1779887200.720226,10.0.0.2,10.0.0.72,"[8, 15, 22, 23, 24]",9.9887,56.4024,0.0,0.0315,1,
1779887226.7829733,10.0.0.2,10.0.0.72,"[1, 8, 15, 22, 23, 24]",9.9955,58.6925,0.0,0.036,1,
1779887226.8391564,10.0.0.2,10.0.0.72,"[8, 15, 22, 23, 24]",9.9955,49.9843,0.0,0.0372,1,
1779887226.9593945,10.0.0.2,10.0.0.72,"[15, 22, 23, 24]",11.5418,41.5373,0.0,0.037,1,
1779887226.9610941,10.0.0.2,10.0.0.72,"[22, 23, 24]",11.5435,28.6111,0.0,0.0241,1,
1779887226.9632423,10.0.0.2,10.0.0.72,"[23, 24]",14.8907,14.8049,0.0,0.0648,1,
1779887226.9669278,10.0.0.72,10.0.0.2,"[24, 23, 22, 15, 8, 1]",3.4789,55.9565,0.0,0.0324,1,
1779887226.9719603,10.0.0.72,10.0.0.2,"[23, 22, 15, 8, 1]",10.0937,41.5163,0.0,0.0329,1,
1779887226.9744077,10.0.0.72,10.0.0.2,"[22, 15, 8, 1]",10.0937,27.3455,0.0,0.0236,1,
1779887226.9792538,10.0.0.72,10.0.0.2,"[15, 8, 1]",14.9997,14.4931,0.0,0.0226,1,
1779887226.981008,10.0.0.72,10.0.0.2,"[8, 1]",14.9998,5.7631,0.0,0.0212,1,
1779887247.2679925,10.0.0.22,10.0.0.76,"[7, 8, 15, 22, 23, 24]",7.8147,54.8311,0.0,0.0625,1,
1779887247.2723851,10.0.0.22,10.0.0.76,"[8, 15, 22, 23, 24]",10.0986,45.0053,0.0,0.0327,1,
1779887279.5192282,10.0.0.2,10.0.0.72,"[1, 8, 15, 22, 23, 24]",10.0028,68.6889,0.0,0.0346,1,
1779887279.6149814,10.0.0.2,10.0.0.72,"[8, 15, 22, 23, 24]",10.0028,62.4802,0.0,0.0713,1,
1779887292.3232236,10.0.0.24,10.0.0.98,"[7, 8, 15, 22, 23, 30]",7.7971,106.2426,0.0,0.0434,1,
1779887292.3297389,10.0.0.24,10.0.0.98,"[8, 15, 22, 23, 30]",10.0072,87.766,0.0,0.113,1,
1779887306.6587372,10.0.0.2,10.0.0.72,"[1, 8, 15, 22, 23, 24]",9.9704,95.1298,0.0,0.073,1,
1779887306.7178996,10.0.0.2,10.0.0.72,"[8, 15, 22, 23, 24]",9.9704,75.4549,0.0,0.0346,1,
1779887306.8396971,10.0.0.2,10.0.0.72,"[15, 22, 23, 24]",11.7861,56.1926,0.0,0.0293,1,
1779887306.8413181,10.0.0.2,10.0.0.72,"[22, 23, 24]",11.7952,35.8544,0.0,0.0193,1,
1779887306.8458178,10.0.0.2,10.0.0.72,"[23, 24]",14.8914,18.1158,0.0,0.0257,1,
1779887306.8559442,10.0.0.72,10.0.0.2,"[24, 23, 22, 15, 8, 1]",3.9418,84.9839,0.0,0.104,1,
1779887306.8588479,10.0.0.72,10.0.0.2,"[23, 22, 15, 8, 1]",10.0949,68.9236,0.0,0.03,1,
1779887306.861244,10.0.0.72,10.0.0.2,"[22, 15, 8, 1]",10.0949,49.1295,0.0,0.025,1,
1779887306.8701744,10.0.0.72,10.0.0.2,"[15, 8, 1]",14.9974,31.5918,0.0,0.0298,1,
1779887306.8730469,10.0.0.72,10.0.0.2,"[8, 1]",14.9974,15.8825,0.0,0.0246,1,
1779887332.918572,10.0.0.4,10.0.0.94,"[15, 22, 23, 30]",11.9044,43.9527,0.0,0.0265,1,
1779887332.9219515,10.0.0.4,10.0.0.94,"[22, 23, 30]",11.9072,30.3356,0.0,0.0274,1,
1779887332.924327,10.0.0.4,10.0.0.94,"[23, 30]",12.0235,16.4667,0.0,0.0231,1,
1779887333.1345332,10.0.0.94,10.0.0.4,"[30, 23, 22, 15, 8, 1]",10.1155,63.939,0.0,0.0358,1,
1779887333.1379023,10.0.0.94,10.0.0.4,"[23, 22, 15, 8, 1]",10.1155,47.8034,0.0,0.0317,1,
1779887333.1410677,10.0.0.94,10.0.0.4,"[22, 15, 8, 1]",10.1168,33.6033,0.0,0.0267,1,
1779887333.1502423,10.0.0.94,10.0.0.4,"[15, 8, 1]",14.9998,20.7839,0.0,0.1166,1,
1779887333.1536832,10.0.0.94,10.0.0.4,"[8, 1]",14.9998,9.9042,0.0,0.0269,1,
1779887354.4336863,10.0.0.2,10.0.0.72,"[15, 22, 23, 24]",12.0194,43.8832,0.0,0.03,1,
1779887354.4354317,10.0.0.2,10.0.0.72,"[22, 23, 24]",12.0194,29.0379,0.0,0.0243,1,
1779887354.4395282,10.0.0.2,10.0.0.72,"[23, 24]",14.8908,15.8172,0.0,0.0389,1,
1779887354.4458945,10.0.0.72,10.0.0.2,"[24, 23, 22, 15, 8, 1]",3.8451,59.704,0.0,0.0367,1,
1779887354.4503233,10.0.0.72,10.0.0.2,"[23, 22, 15, 8, 1]",10.0891,45.5547,0.0,0.0389,1,
1779887354.4546547,10.0.0.72,10.0.0.2,"[22, 15, 8, 1]",10.0891,30.6662,0.0,0.03,1,
1779887354.4600155,10.0.0.72,10.0.0.2,"[15, 8, 1]",15.0,18.1277,0.0,0.026,1,
1779887354.4624698,10.0.0.72,10.0.0.2,"[8, 1]",15.0,7.8331,0.0,0.0203,1,
1779887368.0984223,10.0.0.22,10.0.0.76,"[7, 8, 15, 22, 23, 24]",7.834,43.5766,0.0,0.0658,1,
1779887368.101464,10.0.0.22,10.0.0.76,"[8, 15, 22, 23, 24]",10.0235,34.6175,0.0,0.0267,1,
1779887380.5743601,10.0.0.4,10.0.0.94,"[15, 22, 23, 30]",11.1784,47.4023,0.0,0.0303,1,
1779887380.5776086,10.0.0.4,10.0.0.94,"[22, 23, 30]",11.1893,31.7966,0.0,0.026,1,
1779887380.5803573,10.0.0.4,10.0.0.94,"[23, 30]",11.2915,17.7067,0.0,0.0231,1,
1779887380.5907981,10.0.0.94,10.0.0.4,"[30, 23, 22, 15, 8, 1]",10.0921,71.9874,0.0,0.0365,1,
1779887380.595718,10.0.0.94,10.0.0.4,"[23, 22, 15, 8, 1]",10.0921,55.7598,0.0,0.0474,1,
1779887380.6018517,10.0.0.94,10.0.0.4,"[22, 15, 8, 1]",10.0934,40.1908,0.0,0.0305,1,
1779887380.609973,10.0.0.94,10.0.0.4,"[15, 8, 1]",14.9998,26.8674,0.0,0.0272,1,
1779887380.6180787,10.0.0.94,10.0.0.4,"[8, 1]",15.0,13.4605,0.0,0.3428,1,
1779887389.859409,10.0.0.2,10.0.0.72,"[1, 8, 15, 22, 23, 24]",10.0241,73.5646,0.0,0.0448,1,
1779887389.8972704,10.0.0.2,10.0.0.72,"[8, 15, 22, 23, 24]",10.0256,60.7479,0.0,0.037,1,
1779887413.1504946,10.0.0.24,10.0.0.98,"[7, 8, 15, 22, 23, 30]",7.7959,49.2326,0.0,0.0322,1,
1779887413.1529005,10.0.0.24,10.0.0.98,"[8, 15, 22, 23, 30]",10.0252,41.8245,0.0,0.025,1,
1779887417.2467642,10.0.0.2,10.0.0.72,"[1, 8, 15, 22, 23, 24]",10.0133,45.4256,0.0,0.0384,1,
1779887417.284779,10.0.0.2,10.0.0.72,"[8, 15, 22, 23, 24]",10.0133,39.0855,0.0,0.03,1,
1779887417.4041371,10.0.0.2,10.0.0.72,"[15, 22, 23, 24]",11.6627,31.8533,0.0,0.03,1,
1779887417.4083796,10.0.0.2,10.0.0.72,"[22, 23, 24]",11.6627,22.3177,0.0,0.0353,1,
1779887417.4109359,10.0.0.2,10.0.0.72,"[23, 24]",14.8917,11.7957,0.0,0.0198,1,
1779887417.4207046,10.0.0.72,10.0.0.2,"[24, 23, 22, 15, 8, 1]",3.8858,44.2798,0.0,0.0648,1,
1779887417.4257402,10.0.0.72,10.0.0.2,"[23, 22, 15, 8, 1]",10.1371,32.2335,0.0,0.0365,1,
1779887417.4279144,10.0.0.72,10.0.0.2,"[22, 15, 8, 1]",10.1452,21.9621,0.0,0.0241,1,
1779887417.4372678,10.0.0.72,10.0.0.2,"[15, 8, 1]",14.9997,11.9991,0.0,0.0389,1,
1779887417.4421475,10.0.0.72,10.0.0.2,"[8, 1]",14.9997,5.1944,0.0,0.0334,1,
1779887446.0765567,10.0.0.4,10.0.0.94,"[15, 22, 23, 30]",10.8581,57.1136,0.0,0.0215,1,
1779887446.0803494,10.0.0.4,10.0.0.94,"[22, 23, 30]",10.8581,40.3923,0.0,0.0226,1,
1779887446.0820868,10.0.0.4,10.0.0.94,"[23, 30]",11.1599,21.5243,0.0,0.0165,1,
1779887446.0873566,10.0.0.94,10.0.0.4,"[30, 23, 22, 15, 8, 1]",10.1141,83.3076,0.0,0.0324,1,
1779887446.0898907,10.0.0.94,10.0.0.4,"[23, 22, 15, 8, 1]",10.1141,62.5325,0.0,0.0286,1,
1779887446.0925488,10.0.0.94,10.0.0.4,"[22, 15, 8, 1]",10.1194,44.5079,0.0,0.042,1,
1779887446.0998976,10.0.0.94,10.0.0.4,"[15, 8, 1]",14.9938,26.9431,0.0,0.0253,1,
1779887446.102364,10.0.0.94,10.0.0.4,"[8, 1]",14.994,11.6037,0.0,0.0193,1,
1779887488.0744107,10.0.0.4,10.0.0.94,"[15, 22, 23, 30]",10.9893,44.1068,0.0,0.0296,1,
1779887488.091452,10.0.0.4,10.0.0.94,"[22, 23, 30]",10.9969,27.0616,0.0,0.0193,1,
1779887488.1015894,10.0.0.4,10.0.0.94,"[23, 30]",11.3821,14.0051,0.0,0.1464,1,
1779887488.1083577,10.0.0.94,10.0.0.4,"[30, 23, 22, 15, 8, 1]",10.1251,53.1879,0.0,0.0331,1,
1779887488.1105015,10.0.0.94,10.0.0.4,"[23, 22, 15, 8, 1]",10.1251,38.4071,0.0,0.0267,1,
1779887488.1116633,10.0.0.94,10.0.0.4,"[22, 15, 8, 1]",10.1252,26.652,0.0,0.016,1,
1779887488.117598,10.0.0.94,10.0.0.4,"[15, 8, 1]",14.9954,16.281,0.0,0.0267,1,
1779887488.1309812,10.0.0.94,10.0.0.4,"[8, 1]",14.9954,7.4525,0.0,0.0284,1,
1779887488.930878,10.0.0.22,10.0.0.76,"[7, 8, 15, 22, 23, 24]",7.7994,55.4786,0.0,0.0396,1,
1779887488.9340396,10.0.0.22,10.0.0.76,"[8, 15, 22, 23, 24]",10.0087,45.6926,0.0,0.0315,1,
1779887511.0367947,10.0.0.6,10.0.0.56,"[1, 8, 15, 16, 17, 18]",3.3137,48.304,0.0,0.0398,1,
1779887511.1005964,10.0.0.6,10.0.0.56,"[8, 15, 16, 17, 18]",3.3137,42.6263,0.0,0.0894,1,
1779887512.3006124,10.0.0.91,10.0.0.1,"[30, 23, 22, 15, 8, 1]",10.1296,48.7794,0.0,0.0362,1,
1779887512.303685,10.0.0.91,10.0.0.1,"[23, 22, 15, 8, 1]",10.1296,37.016,0.0,0.0315,1,
1779887512.3076487,10.0.0.91,10.0.0.1,"[22, 15, 8, 1]",10.1296,25.0812,0.0,0.0298,1,
1779887512.3158112,10.0.0.91,10.0.0.1,"[15, 8, 1]",14.995,13.2822,0.0,0.0303,1,
1779887512.320245,10.0.0.91,10.0.0.1,"[8, 1]",14.995,7.1886,0.0,0.0353,1,
1779887514.0927832,10.0.0.57,10.0.0.23,"[18, 17, 16, 15, 14, 7]",0.4011,51.861,0.0,0.0358,1,
1779887514.098378,10.0.0.57,10.0.0.23,"[17, 16, 9, 8, 7]",12.9804,43.1462,0.0,0.0319,1,
1779887514.100336,10.0.0.57,10.0.0.23,"[16, 15, 14, 7]",0.4011,24.398,0.0,0.0248,1,
1779887514.105859,10.0.0.57,10.0.0.23,"[15, 14, 7]",0.4011,11.6825,0.0,0.0255,1,
1779887514.1120782,10.0.0.57,10.0.0.23,"[14, 7]",15.0,6.0928,0.0,0.0281,1,
1779887514.1489596,10.0.0.6,10.0.0.56,"[15, 16, 17, 18]",2.8756,32.6904,0.0,0.0308,1,
1779887514.1506793,10.0.0.6,10.0.0.56,"[16, 17, 18]",2.8756,23.0431,0.0,0.0231,1,
1779887514.1548421,10.0.0.6,10.0.0.56,"[17, 18]",2.8756,11.2331,0.0,0.0215,1,
1779887514.160308,10.0.0.56,10.0.0.6,"[18, 17, 16, 15, 8, 1]",5.2316,53.4607,0.0,0.0639,1,
1779887514.1622992,10.0.0.56,10.0.0.6,"[17, 16, 15, 8, 1]",5.2316,39.5457,0.0,0.061,1,
1779887514.164425,10.0.0.56,10.0.0.6,"[16, 15, 8, 1]",5.2316,25.9977,0.0,0.0236,1,
1779887514.1663659,10.0.0.56,10.0.0.6,"[15, 8, 1]",14.995,13.2822,0.0,0.0203,1,
1779887514.1679902,10.0.0.56,10.0.0.6,"[8, 1]",14.995,7.1886,0.0,0.0136,1,
1779887516.9937496,10.0.0.11,10.0.0.81,"[6, 5, 11, 10, 16, 15, 21, 27, 26, 25]",3.161,120.6418,0.0,0.0463,1,
1779887516.9989183,10.0.0.11,10.0.0.81,"[5, 11, 10, 16, 15, 21, 27, 26, 25]",5.1956,107.9769,0.0,0.0429,1,
1779887517.0029564,10.0.0.11,10.0.0.81,"[11, 17, 23, 29, 28, 27, 26, 25]",8.508,93.4541,0.0,0.0451,1,
1779887517.005921,10.0.0.11,10.0.0.81,"[17, 23, 29, 28, 27, 26, 25]",8.508,79.2513,0.0,0.0393,1,
1779887517.010888,10.0.0.11,10.0.0.81,"[23, 29, 28, 27, 26, 25]",8.508,64.4609,0.0,0.0999,1,
1779887517.0227392,10.0.0.11,10.0.0.81,"[29, 28, 27, 26, 25]",8.5084,47.3726,0.0,0.0274,1,
1779887517.0272996,10.0.0.11,10.0.0.81,"[28, 27, 26, 25]",8.5084,36.5455,0.0,0.0253,1,
1779887517.0285547,10.0.0.11,10.0.0.81,"[27, 26, 25]",8.5084,23.4431,0.0,0.0181,1,
1779887517.0316677,10.0.0.11,10.0.0.81,"[26, 25]",8.5267,11.9378,0.0,0.0212,1,
1779887520.1253052,10.0.0.35,10.0.0.63,"[12, 18, 24, 23, 22, 21, 20, 19]",3.7926,97.0579,0.0,0.0443,1,
1779887520.1464996,10.0.0.35,10.0.0.63,"[18, 17, 16, 15, 14, 13, 19]",0.2974,66.2305,0.0,0.0443,1,
1779887520.1515443,10.0.0.35,10.0.0.63,"[17, 16, 15, 14, 13, 19]",0.2974,51.8581,0.0,0.0398,1,
1779887520.1563842,10.0.0.35,10.0.0.63,"[16, 15, 14, 13, 19]",0.2974,37.1868,0.0,0.0317,1,
1779887520.1584003,10.0.0.35,10.0.0.63,"[15, 14, 13, 19]",0.2974,25.5211,0.0,0.0205,1,
1779887520.1667411,10.0.0.35,10.0.0.63,"[14, 13, 19]",0.2974,17.3259,0.0,0.0262,1,
1779887520.1709352,10.0.0.35,10.0.0.63,"[13, 19]",10.8545,7.3423,0.0,0.0234,1,
1779887533.986599,10.0.0.24,10.0.0.98,"[7, 8, 15, 22, 23, 30]",10.0551,82.746,0.0,0.0353,1,
1779887533.9906516,10.0.0.24,10.0.0.98,"[8, 15, 22, 23, 30]",10.0551,66.3533,0.0,0.0279,1,
1779887534.0295427,10.0.0.24,10.0.0.98,"[15, 22, 23, 30]",10.4522,51.6501,0.0,0.0291,1,
1779887534.0310726,10.0.0.24,10.0.0.98,"[22, 23, 30]",10.456,34.6506,0.0,0.0184,1,
1779887534.0354915,10.0.0.24,10.0.0.98,"[23, 30]",11.7672,17.0529,0.0,0.0231,1,
1779887534.0395293,10.0.0.98,10.0.0.24,"[30, 23, 22, 21, 14, 7]",10.1213,84.1911,0.0,0.0322,1,
1779887534.0415006,10.0.0.98,10.0.0.24,"[23, 22, 21, 14, 7]",10.1213,66.5381,0.0,0.0255,1,
1779887534.0449607,10.0.0.98,10.0.0.24,"[22, 15, 14, 7]",0.3555,46.9811,0.0,0.0215,1,
1779887534.0533552,10.0.0.98,10.0.0.24,"[15, 14, 7]",0.3555,29.7851,0.0,0.0281,1,
1779887534.060684,10.0.0.98,10.0.0.24,"[14, 7]",15.0,14.999,0.0,0.0248,1,
1779887536.0623431,10.0.0.15,10.0.0.61,"[6, 5, 11, 10, 16, 15, 14, 13, 19]",0.3221,125.5532,0.0,0.0503,1,
1779887536.0689375,10.0.0.15,10.0.0.61,"[5, 11, 10, 16, 15, 14, 13, 19]",0.3221,109.8351,0.0,0.0401,1,
1779887536.073649,10.0.0.15,10.0.0.61,"[11, 10, 9, 8, 14, 13, 19]",0.3221,94.7491,0.0,0.1521,1,
1779887536.0782342,10.0.0.15,10.0.0.61,"[10, 9, 8, 14, 13, 19]",0.3221,79.017,0.0,0.0374,1,
1779887536.080366,10.0.0.15,10.0.0.61,"[9, 8, 14, 13, 19]",0.3221,61.6332,0.0,0.0288,1,
1779887536.0852687,10.0.0.15,10.0.0.61,"[8, 14, 13, 19]",0.3221,43.81,0.0,0.0255,1,
1779887536.0900989,10.0.0.15,10.0.0.61,"[14, 13, 19]",0.3221,28.9286,0.0,0.0248,1,
1779887536.1135921,10.0.0.15,10.0.0.61,"[13, 19]",10.3528,13.9829,0.0,0.0188,1,
1779887542.1225886,10.0.0.83,10.0.0.27,"[25, 19, 13, 7]",5.1568,36.347,0.0,0.0286,1,
1779887542.128323,10.0.0.83,10.0.0.27,"[19, 13, 7]",5.1568,23.7414,0.0,0.0229,1,
1779887542.1401672,10.0.0.83,10.0.0.27,"[13, 7]",12.2096,11.3954,0.0,0.0236,1,
1779887543.6474557,10.0.0.97,10.0.0.21,"[30, 23, 22, 21, 14, 7]",10.1151,64.8175,0.0,0.0403,1,
1779887543.6500666,10.0.0.97,10.0.0.21,"[23, 22, 21, 14, 7]",10.1151,50.9097,0.0,0.0343,1,
1779887543.651652,10.0.0.97,10.0.0.21,"[22, 15, 14, 7]",0.325,30.8448,0.0,0.0234,1,
1779887543.6588326,10.0.0.97,10.0.0.21,"[15, 14, 7]",0.325,19.7435,0.0,0.0272,1,
1779887543.6653495,10.0.0.97,10.0.0.21,"[14, 7]",15.0,10.4052,0.0,0.0231,1,
1779887548.2123675,10.0.0.22,10.0.0.85,"[7, 13, 19, 25]",9.2163,28.6407,0.0,0.0379,1,
1779887548.2291074,10.0.0.22,10.0.0.85,"[13, 19, 25]",14.6731,17.7989,0.0,0.0377,1,
1779887548.23283,10.0.0.22,10.0.0.85,"[19, 25]",15.0,11.65,0.0,0.0391,1,
1779887554.508047,10.0.0.6,10.0.0.56,"[1, 8, 15, 16, 17, 18]",4.6842,54.8046,0.0,0.0358,1,
1779887554.5107305,10.0.0.6,10.0.0.56,"[8, 15, 16, 17, 18]",4.6842,47.1011,0.0,0.031,1,
1779887554.5132,10.0.0.6,10.0.0.56,"[15, 16, 17, 18]",4.6842,37.9533,0.0,0.0286,1,
1779887554.515995,10.0.0.6,10.0.0.56,"[16, 17, 18]",4.6842,26.4008,0.0,0.0257,1,
1779887554.5186183,10.0.0.6,10.0.0.56,"[17, 18]",4.6842,13.9862,0.0,0.0291,1,
1779887554.5260842,10.0.0.56,10.0.0.6,"[18, 17, 16, 15, 8, 1]",5.0539,50.9083,0.0,0.0389,1,
1779887554.5292642,10.0.0.56,10.0.0.6,"[17, 16, 15, 8, 1]",5.0539,38.2568,0.0,0.0303,1,
1779887554.5315645,10.0.0.56,10.0.0.6,"[16, 15, 8, 1]",5.0539,24.5075,0.0,0.0222,1,
1779887554.5337517,10.0.0.56,10.0.0.6,"[15, 8, 1]",14.9998,14.3104,0.0,0.0226,1,
1779887554.5359926,10.0.0.56,10.0.0.6,"[8, 1]",15.0,6.6268,0.0,0.02,1,
1779887559.1757753,10.0.0.51,10.0.0.83,"[18, 24, 23, 29, 28, 27, 26, 25]",5.339,58.0024,0.0,0.0415,1,
1779887559.1904616,10.0.0.51,10.0.0.83,"[24, 23, 29, 28, 27, 26, 25]",6.7728,45.2694,0.0,0.051,1,
1779887559.1945393,10.0.0.51,10.0.0.83,"[23, 29, 28, 27, 26, 25]",6.7728,34.4371,0.0,0.0331,1,
1779887559.2023966,10.0.0.51,10.0.0.83,"[29, 28, 27, 26, 25]",6.7728,25.5032,0.0,0.0291,1,
1779887559.2060392,10.0.0.51,10.0.0.83,"[28, 27, 26, 25]",6.7746,18.9455,0.0,0.026,1,
1779887559.2082074,10.0.0.51,10.0.0.83,"[27, 26, 25]",6.7889,13.0672,0.0,0.0186,1,
1779887559.213035,10.0.0.51,10.0.0.83,"[26, 25]",6.7889,8.1153,0.0,0.0198,1,
1779887562.1432674,10.0.0.53,10.0.0.3,"[18, 17, 16, 15, 8, 1]",5.0622,40.7876,0.0,0.0362,1,
1779887562.1456425,10.0.0.53,10.0.0.3,"[17, 16, 15, 8, 1]",5.0622,30.2535,0.0,0.0241,1,
1779887562.1476703,10.0.0.53,10.0.0.3,"[16, 15, 8, 1]",5.0622,19.2325,0.0,0.0155,1,
1779887562.149292,10.0.0.53,10.0.0.3,"[15, 8, 1]",15.0,10.4372,0.0,0.0134,1,
1779887562.1510892,10.0.0.53,10.0.0.3,"[8, 1]",15.0,4.6974,0.0,0.0105,1,
1779887567.100448,10.0.0.31,10.0.0.10,"[12, 11, 4, 3, 2, 1]",9.1382,39.649,0.0,0.0389,1,
1779887567.1033266,10.0.0.31,10.0.0.10,"[11, 10, 9, 8, 1]",6.4847,27.6315,0.0,0.0339,1,
1779887567.1057355,10.0.0.31,10.0.0.10,"[10, 9, 8, 1]",14.9989,19.9033,0.0,0.0231,1,
1779887567.107035,10.0.0.31,10.0.0.10,"[9, 8, 1]",14.9989,11.8042,0.0,0.0167,1,
1779887567.1087837,10.0.0.31,10.0.0.10,"[8, 1]",14.9989,4.0432,0.0,0.0181,1,
1779887570.1782534,10.0.0.13,10.0.0.52,"[6, 12, 18]",6.2926,16.5395,0.0,0.025,1,
1779887570.1812127,10.0.0.13,10.0.0.52,"[12, 18]",6.2926,8.575,0.0,0.0265,1,
1779887577.701235,10.0.0.24,10.0.0.86,"[7, 13, 19, 25]",15.0,23.3446,0.0,0.0286,1,
1779887577.7035584,10.0.0.24,10.0.0.86,"[13, 19, 25]",15.0,17.8325,0.0,0.0188,1,
1779887577.7061446,10.0.0.24,10.0.0.86,"[19, 25]",15.0,10.648,0.0,0.0272,1,
1779887582.2801607,10.0.0.49,10.0.0.12,"[13, 7, 1, 2, 3, 4, 5, 6]",14.7693,41.823,0.0,0.0737,1,
1779887582.2819042,10.0.0.49,10.0.0.12,"[7, 1, 2, 3, 4, 5, 6]",14.7693,36.107,0.0,0.0594,1,
1779887582.2843006,10.0.0.49,10.0.0.12,"[1, 2, 3, 4, 5, 6]",14.7693,31.7262,0.0,0.02,1,
1779887582.2855904,10.0.0.49,10.0.0.12,"[2, 3, 4, 5, 6]",14.7693,25.0781,0.0,0.0162,1,
1779887582.2873118,10.0.0.49,10.0.0.12,"[3, 4, 5, 6]",14.7695,18.587,0.0,0.0155,1,
1779887582.2894673,10.0.0.49,10.0.0.12,"[4, 5, 6]",14.7695,13.4692,0.0,0.0207,1,
1779887582.2912166,10.0.0.49,10.0.0.12,"[5, 6]",14.7695,6.8612,0.0,0.0141,1,
1779887585.2275367,10.0.0.47,10.0.0.14,"[13, 7, 1, 2, 3, 4, 5, 6]",14.8646,40.9127,0.0,0.042,1,
1779887585.2298465,10.0.0.47,10.0.0.14,"[7, 1, 2, 3, 4, 5, 6]",14.8646,35.7371,0.0,0.0291,1,
1779887585.2316427,10.0.0.47,10.0.0.14,"[1, 2, 3, 4, 5, 6]",14.8646,31.6867,0.0,0.02,1,
1779887585.2326586,10.0.0.47,10.0.0.14,"[2, 3, 4, 5, 6]",14.8648,25.4893,0.0,0.0145,1,
1779887585.2339656,10.0.0.47,10.0.0.14,"[3, 4, 5, 6]",14.8648,19.2737,0.0,0.0114,1,
1779887585.2350852,10.0.0.47,10.0.0.14,"[4, 5, 6]",14.8651,14.6116,0.0,0.0107,1,
1779887585.2368197,10.0.0.47,10.0.0.14,"[5, 6]",14.8651,8.2277,0.0,0.01,1,
1779887591.2022154,10.0.0.89,10.0.0.75,"[25, 26, 27, 28, 29, 23, 24]",14.9998,32.77,0.0,0.0346,1,
1779887591.2049997,10.0.0.89,10.0.0.75,"[26, 27, 28, 29, 23, 24]",14.9998,26.0771,0.0,0.0284,1,
1779887591.206055,10.0.0.89,10.0.0.75,"[27, 28, 29, 23, 24]",14.9998,22.5446,0.0,0.0188,1,
1779887591.2074056,10.0.0.89,10.0.0.75,"[28, 29, 30, 24]",14.78,24.2836,0.0,0.0117,1,
1779887591.208289,10.0.0.89,10.0.0.75,"[29, 23, 24]",15.0,14.6864,0.0,0.0103,1,
1779887591.2101123,10.0.0.89,10.0.0.75,"[23, 24]",15.0,8.2678,0.0,0.0103,1,
1779887609.7591841,10.0.0.22,10.0.0.76,"[7, 8, 15, 22, 23, 24]",14.9998,35.7849,0.0,0.0379,1,
1779887609.7616987,10.0.0.22,10.0.0.76,"[8, 15, 22, 23, 24]",14.9998,30.5023,0.0,0.0241,1,
1779887609.7633748,10.0.0.22,10.0.0.76,"[15, 22, 23, 24]",14.9998,25.2797,0.0,0.0176,1,
1779887609.7649062,10.0.0.22,10.0.0.76,"[22, 23, 24]",14.9998,17.7235,0.0,0.0124,1,
1779887609.7662907,10.0.0.22,10.0.0.76,"[23, 24]",14.9998,9.8031,0.0,0.01,1,
1779887609.7693253,10.0.0.76,10.0.0.22,"[24, 23, 22, 21, 14, 7]",14.9998,43.3298,0.0,0.0312,1,
1779887609.772764,10.0.0.76,10.0.0.22,"[23, 22, 21, 14, 7]",14.9998,33.9109,0.0,0.0732,1,
1779887609.775319,10.0.0.76,10.0.0.22,"[22, 15, 14, 7]",14.9998,16.9575,0.0,0.0265,1,
1779887609.777927,10.0.0.76,10.0.0.22,"[15, 14, 7]",14.9998,9.7133,0.0,0.0234,1,
1779887609.7798116,10.0.0.76,10.0.0.22,"[14, 7]",14.9998,5.176,0.0,0.0179,1,
1779887609.7827797,10.0.0.76,10.0.0.22,"[15, 14, 7]",14.9998,9.7133,0.0,0.0165,1,
1779887609.7831762,10.0.0.76,10.0.0.22,"[15, 14, 7]",14.9998,9.7133,0.0,0.0184,0,
